,CO_IPRESS,NAME,YEAR,MONTH,UBIGEO,STATE,PROVINCE,DISTRICT,SECTOR,CATEGORY,CATEGORY2,QTY_CONSULTING_ROOM,QTY_OPERATIONS_CONSULTING_ROOM,QTY_BEDS,QTY_DOCTORS,QTY_DOCTORS_SERUM,QTY_DOCTORS_RESIDENT,QTY_NURSE,QTY_DENTISTS,QTY_PSYCHOLOGISTS,QTY_NUTRITIONISTS,QTY_MEDICAL_TECHNOLOGISTS,QTY_OBSTETRICIANS,QTY_PHARMACEUTICAL,QTY_AUXILIARY_PERSONAL,QTY_OTHER_PROFESSIONS,QTY_AMBULANCIAS
0,5617,HOSPITAL SAN JUAN DE LURIGANCHO,2020,11,150132,LIMA,LIMA,SAN JUAN DE LURIGANCHO,MINSA,II-2,II,41.0,82.0,145.0,154.0,0.0,18.0,241.0,0.0,0.0,14.0,49.0,57.0,18.0,348.0,378.0,3.0
1,5883,HOSPITAL DE HUAYCAN,2020,12,150103,LIMA,LIMA,ATE,MINSA,II-1,II,23.0,43.0,59.0,80.0,0.0,0.0,71.0,2.0,5.0,4.0,5.0,41.0,9.0,96.0,2.0,1.0
2,5945,HOSPITAL VITARTE,2020,11,150103,LIMA,LIMA,ATE,MINSA,II-1,II,44.0,6.0,55.0,217.0,0.0,51.0,133.0,7.0,5.0,8.0,30.0,46.0,13.0,248.0,11.0,3.0
3,5946,HOSPITAL NACIONAL HIPOLITO UNANUE,2020,11,150111,LIMA,LIMA,EL AGUSTINO,MINSA,III-1,III,110.0,130.0,525.0,442.0,0.0,145.0,634.0,13.0,17.0,28.0,100.0,61.0,42.0,1080.0,219.0,4.0
4,5947,HOSPITAL DE MEDIANA COMPLEJIDAD JOSE AGURTO TELLO,2020,12,150118,LIMA,LIMA,LURIGANCHO,MINSA,II-2,II,5.0,5.0,38.0,121.0,0.0,8.0,117.0,4.0,5.0,7.0,17.0,19.0,8.0,154.0,9.0,1.0
5,5948,HOSPITAL HERMILIO VALDIZAN,2020,12,150137,LIMA,LIMA,SANTA ANITA,MINSA,III-1,III,55.0,84.0,211.0,70.0,0.0,22.0,77.0,5.0,28.0,5.0,4.0,0.0,13.0,147.0,18.0,2.0
6,5987,HOSPITAL MARIA AUXILIADORA,2020,10,150133,LIMA,LIMA,SAN JUAN DE MIRAFLORES,MINSA,III-1,III,95.0,0.0,373.0,356.0,0.0,111.0,385.0,4.0,6.0,12.0,67.0,29.0,15.0,446.0,26.0,2.0
7,6206,NACIONAL  DOS DE MAYO,2020,12,150101,LIMA,LIMA,LIMA,MINSA,III-1,III,72.0,69.0,291.0,401.0,0.0,166.0,244.0,5.0,10.0,23.0,69.0,53.0,45.0,465.0,30.0,3.0
8,6207,HOSPITAL NACIONAL ARZOBISPO LOAYZA,2020,12,150101,LIMA,LIMA,LIMA,MINSA,III-1,III,121.0,191.0,616.0,416.0,0.0,223.0,480.0,15.0,11.0,7.0,48.0,30.0,9.0,19.0,1312.0,4.0
9,6208,INSTITUTO NACIONAL MATERNO PERINATAL,2020,9,150101,LIMA,LIMA,LIMA,MINSA,III-2,III,60.0,69.0,397.0,264.0,0.0,49.0,347.0,5.0,9.0,6.0,44.0,203.0,17.0,800.0,130.0,5.0
10,6209,INSTITUTO NACIONAL DE CIENCIAS NEUROLOGICAS,2020,10,150101,LIMA,LIMA,LIMA,MINSA,III-2,III,7.0,6.0,105.0,92.0,0.0,19.0,111.0,0.0,7.0,3.0,43.0,0.0,5.0,278.0,5.0,2.0
11,6210,INSTITUTO NACIONAL DE ENFERMEDADES NEOPLASICAS,2020,12,150141,LIMA,LIMA,SURQUILLO,MINSA,III-2,III,69.0,148.0,392.0,274.0,0.0,156.0,614.0,4.0,11.0,23.0,225.0,0.0,50.0,10.0,891.0,1.0
12,6211,HOSPITAL DE APOYO SANTA ROSA,2020,10,150121,LIMA,LIMA,PUEBLO LIBRE,MINSA,III-1,III,54.0,87.0,102.0,268.0,55.0,34.0,245.0,13.0,10.0,12.0,56.0,39.0,25.0,80.0,33.0,3.0
13,6212,HOSPITAL DE EMERGENCIAS PEDIATRICAS,2020,10,150115,LIMA,LIMA,LA VICTORIA,MINSA,III-E,III,3.0,0.0,48.0,123.0,0.0,1.0,122.0,0.0,1.0,3.0,31.0,0.0,12.0,144.0,14.0,2.0
14,6213,HOSPITAL DE EMERGENCIAS JOSE CASIMIRO ULLOA,2020,11,150122,LIMA,LIMA,MIRAFLORES,MINSA,III-E,III,9.0,9.0,71.0,108.0,0.0,31.0,313.0,0.0,0.0,6.0,27.0,0.0,7.0,93.0,4.0,3.0
15,6214,HOSPITAL VICTOR LARCO HERRERA,2020,12,150120,LIMA,LIMA,MAGDALENA DEL MAR,MINSA,III-1,III,10.0,15.0,590.0,37.0,0.0,0.0,92.0,4.0,13.0,1.0,13.0,0.0,14.0,221.0,17.0,3.0
16,6215,HOSPITAL NACIONAL DOCENTE MADRE NIÑO SAN BARTOLOME,2020,12,150101,LIMA,LIMA,LIMA,MINSA,III-1,III,10.0,32.0,189.0,303.0,0.0,88.0,304.0,11.0,8.0,4.0,50.0,72.0,28.0,382.0,23.0,3.0
17,6216,INSTITUTO NACIONAL DE SALUD DEL NIÑO,2020,12,150105,LIMA,LIMA,BREÑA,MINSA,III-2,III,110.0,118.0,371.0,366.0,0.0,50.0,625.0,28.0,20.0,15.0,159.0,5.0,29.0,652.0,33.0,4.0
18,6217,INO DR. FRANCISCO CONTRERAS C.,2020,12,150101,LIMA,LIMA,LIMA,MINSA,III-2,III,44.0,76.0,11.0,108.0,0.0,27.0,55.0,0.0,1.0,1.0,22.0,0.0,8.0,103.0,6.0,1.0
19,6218,NAC. DANIEL A. CARRION,2020,10,70102,CALLAO,CALLAO,BELLAVISTA,GOBIERNO REGIONAL,III-1,III,3.0,3.0,324.0,271.0,0.0,185.0,351.0,8.0,12.0,10.0,64.0,28.0,14.0,487.0,31.0,1.0
20,6219,HOSPITAL SAN JOSE,2020,12,70103,CALLAO,CALLAO,CARMEN DE LA LEGUA-REYNOSO,GOBIERNO REGIONAL,II-2,II,43.0,68.0,72.0,144.0,0.0,37.0,110.0,5.0,14.0,2.0,36.0,31.0,7.0,94.0,7.0,4.0
21,6220,P.S. MANUEL BONILLA,2020,2,70101,CALLAO,CALLAO,CALLAO,GOBIERNO REGIONAL,I-2,0,10.0,10.0,0.0,7.0,0.0,0.0,6.0,3.0,1.0,2.0,1.0,4.0,1.0,0.0,0.0,0.0
22,6221,C.S. ALBERTO BARTON,2020,2,70101,CALLAO,CALLAO,CALLAO,GOBIERNO REGIONAL,I-3,I,10.0,10.0,0.0,5.0,0.0,0.0,4.0,2.0,4.0,1.0,2.0,4.0,0.0,1.0,0.0,0.0
23,6222,CALLAO,2020,2,70101,CALLAO,CALLAO,CALLAO,GOBIERNO REGIONAL,I-2,0,8.0,8.0,0.0,3.0,0.0,0.0,3.0,2.0,1.0,2.0,0.0,2.0,0.0,7.0,1.0,0.0
24,6223,P.S. SANTA FE,2020,2,70101,CALLAO,CALLAO,CALLAO,GOBIERNO REGIONAL,I-2,0,15.0,15.0,0.0,5.0,0.0,0.0,4.0,2.0,2.0,1.0,0.0,3.0,0.0,5.0,0.0,0.0
25,6224,JOSE BOTERIN,2020,2,70101,CALLAO,CALLAO,CALLAO,GOBIERNO REGIONAL,I-2,0,7.0,7.0,0.0,2.0,0.0,0.0,2.0,1.0,1.0,0.0,0.0,1.0,0.0,5.0,0.0,0.0
26,6225,SAN JUAN BOSCO,2020,2,70101,CALLAO,CALLAO,CALLAO,GOBIERNO REGIONAL,I-2,0,7.0,7.0,0.0,1.0,0.0,0.0,2.0,1.0,2.0,1.0,0.0,1.0,1.0,6.0,0.0,0.0
27,6226,P. S. PUERTO NUEVO,2020,2,70101,CALLAO,CALLAO,CALLAO,GOBIERNO REGIONAL,I-2,0,9.0,9.0,0.0,1.0,0.0,0.0,1.0,1.0,1.0,1.0,0.0,1.0,0.0,0.0,0.0,0.0
28,6227,P.S. LA PUNTA  ( EX-LUIS VALLEJO SANTONI ),2020,2,70105,CALLAO,CALLAO,LA PUNTA,GOBIERNO REGIONAL,I-2,0,7.0,7.0,0.0,2.0,0.0,0.0,1.0,1.0,1.0,0.0,0.0,1.0,0.0,2.0,1.0,0.0
29,6228,C.S. NESTOR GAMBETTA,2020,2,70101,CALLAO,CALLAO,CALLAO,GOBIERNO REGIONAL,I-4,I,11.0,10.0,5.0,12.0,0.0,0.0,7.0,2.0,0.0,1.0,0.0,8.0,1.0,11.0,0.0,0.0
30,6230,CENTRO DE SALUD ACAPULCO,2020,1,70101,CALLAO,CALLAO,CALLAO,GOBIERNO REGIONAL,I-4,I,16.0,16.0,4.0,10.0,0.0,0.0,6.0,3.0,2.0,1.0,2.0,6.0,1.0,37.0,1.0,1.0
31,6231,RAMON CASTILLA,2020,2,70101,CALLAO,CALLAO,CALLAO,GOBIERNO REGIONAL,I-2,0,8.0,7.0,0.0,2.0,0.0,0.0,2.0,2.0,1.0,1.0,0.0,1.0,0.0,5.0,0.0,0.0
32,6233,JUAN PABLO II,2020,2,70101,CALLAO,CALLAO,CALLAO,GOBIERNO REGIONAL,I-2,0,6.0,6.0,0.0,3.0,0.0,0.0,2.0,1.0,1.0,0.0,0.0,2.0,0.0,7.0,1.0,0.0
33,6234,P.S. SANTA ROSA,2020,2,70101,CALLAO,CALLAO,CALLAO,GOBIERNO REGIONAL,I-2,0,8.0,0.0,0.0,3.0,0.0,0.0,2.0,1.0,1.0,1.0,0.0,2.0,0.0,2.0,0.0,0.0
34,6235,MIGUEL GRAU,2020,2,70101,CALLAO,CALLAO,CALLAO,GOBIERNO REGIONAL,I-2,0,8.0,8.0,0.0,2.0,0.0,0.0,1.0,1.0,1.0,0.0,0.0,1.0,0.0,4.0,0.0,0.0
35,6238,C.S. MARQUEZ,2020,2,70101,CALLAO,CALLAO,CALLAO,GOBIERNO REGIONAL,I-4,I,11.0,11.0,8.0,11.0,0.0,0.0,12.0,3.0,1.0,1.0,1.0,10.0,1.0,34.0,0.0,1.0
36,6239,C.S. SESQUICENTENARIO,2020,2,70101,CALLAO,CALLAO,CALLAO,GOBIERNO REGIONAL,I-3,I,12.0,12.0,0.0,8.0,0.0,0.0,5.0,2.0,1.0,1.0,6.0,2.0,2.0,14.0,0.0,0.0
37,6240,P.S. PREVI,2020,2,70101,CALLAO,CALLAO,CALLAO,GOBIERNO REGIONAL,I-2,0,12.0,12.0,0.0,3.0,1.0,0.0,3.0,2.0,1.0,0.0,0.0,4.0,0.0,6.0,1.0,0.0
38,6241,AEROPUERTO,2020,2,70101,CALLAO,CALLAO,CALLAO,GOBIERNO REGIONAL,I-2,0,8.0,8.0,0.0,3.0,0.0,0.0,4.0,2.0,1.0,2.0,0.0,2.0,0.0,7.0,0.0,0.0
39,6242,PUESTO DE SALUD PLAYA RIMAC,2020,2,70101,CALLAO,CALLAO,CALLAO,GOBIERNO REGIONAL,I-2,0,6.0,6.0,0.0,3.0,0.0,0.0,1.0,1.0,1.0,1.0,0.0,1.0,0.0,5.0,1.0,0.0
40,6243,P. S. FAUCETT,2020,2,70101,CALLAO,CALLAO,CALLAO,GOBIERNO REGIONAL,I-2,0,7.0,7.0,0.0,4.0,0.0,0.0,4.0,2.0,1.0,1.0,0.0,3.0,0.0,8.0,0.0,0.0
41,6244,P.S. 200 MILLAS,2020,2,70101,CALLAO,CALLAO,CALLAO,GOBIERNO REGIONAL,I-2,0,6.0,6.0,0.0,4.0,0.0,0.0,2.0,2.0,1.0,1.0,0.0,2.0,0.0,3.0,0.0,0.0
42,6245,P.S. BOCANEGRA,2020,2,70101,CALLAO,CALLAO,CALLAO,GOBIERNO REGIONAL,I-2,0,6.0,6.0,0.0,4.0,0.0,0.0,4.0,2.0,1.0,2.0,0.0,2.0,0.0,4.0,0.0,0.0
43,6246,P.S.EL ALAMO,2020,2,70101,CALLAO,CALLAO,CALLAO,GOBIERNO REGIONAL,I-2,0,20.0,20.0,0.0,5.0,0.0,0.0,4.0,2.0,2.0,0.0,0.0,3.0,0.0,13.0,0.0,0.0
44,6248,P.S. POLIGONO IV,2020,2,70101,CALLAO,CALLAO,CALLAO,GOBIERNO REGIONAL,I-2,0,10.0,10.0,0.0,3.0,0.0,0.0,2.0,1.0,2.0,2.0,0.0,2.0,0.0,5.0,1.0,0.0
45,6249,C.S. BELLAVISTA PERU COREA,2020,2,70102,CALLAO,CALLAO,BELLAVISTA,GOBIERNO REGIONAL,I-4,I,5.0,1.0,0.0,2.0,0.0,0.0,2.0,1.0,1.0,1.0,0.0,1.0,0.0,1.0,0.0,0.0
46,6250,P.S. ALTA MAR,2020,2,70104,CALLAO,CALLAO,LA PERLA,GOBIERNO REGIONAL,I-2,0,9.0,9.0,0.0,6.0,0.0,0.0,4.0,3.0,1.0,2.0,1.0,3.0,0.0,9.0,0.0,0.0
47,6251,P.S. LA PERLA,2020,2,70104,CALLAO,CALLAO,LA PERLA,GOBIERNO REGIONAL,I-2,0,12.0,12.0,0.0,4.0,1.0,0.0,2.0,3.0,1.0,1.0,0.0,3.0,0.0,2.0,1.0,0.0
48,6252,C.S. CARMEN DE LA LEGUA,2020,2,70103,CALLAO,CALLAO,CARMEN DE LA LEGUA-REYNOSO,GOBIERNO REGIONAL,I-3,I,9.0,9.0,0.0,5.0,0.0,0.0,4.0,2.0,3.0,2.0,3.0,3.0,0.0,11.0,1.0,0.0
49,6253,VILLA SR. DE LOS MILAGROS,2020,2,70103,CALLAO,CALLAO,CARMEN DE LA LEGUA-REYNOSO,GOBIERNO REGIONAL,I-2,0,13.0,12.0,0.0,4.0,0.0,0.0,3.0,2.0,1.0,1.0,0.0,2.0,0.0,8.0,3.0,0.0
50,6255,P.S. VENTANILLA ALTA,2020,2,70106,CALLAO,CALLAO,VENTANILLA,GOBIERNO REGIONAL,I-2,0,12.0,10.0,0.0,5.0,1.0,0.0,9.0,1.0,1.0,1.0,0.0,4.0,1.0,0.0,1.0,0.0
51,6256,CENTRO DE SALUD VILLA LOS REYES,2020,2,70106,CALLAO,CALLAO,VENTANILLA,GOBIERNO REGIONAL,I-4,I,12.0,12.0,2.0,12.0,0.0,0.0,12.0,3.0,1.0,1.0,0.0,13.0,0.0,30.0,4.0,0.0
52,6257,P. S. ANGAMOS,2020,2,70106,CALLAO,CALLAO,VENTANILLA,GOBIERNO REGIONAL,I-2,0,12.0,22.0,0.0,9.0,4.0,0.0,10.0,2.0,3.0,1.0,0.0,6.0,0.0,10.0,1.0,0.0
53,6258,P.S. VENTANILLA BAJA,2020,2,70106,CALLAO,CALLAO,VENTANILLA,GOBIERNO REGIONAL,I-2,0,5.0,5.0,0.0,4.0,0.0,0.0,2.0,2.0,0.0,0.0,0.0,3.0,0.0,5.0,0.0,0.0
54,6259,P.S. VENTANILLA ESTE,2020,2,70106,CALLAO,CALLAO,VENTANILLA,GOBIERNO REGIONAL,I-2,0,6.0,10.0,0.0,3.0,0.0,0.0,5.0,2.0,1.0,0.0,0.0,3.0,0.0,0.0,0.0,0.0
55,6260,PUESTO DE SALUD MI PERU,2020,2,70107,CALLAO,CALLAO,MI PERU,GOBIERNO REGIONAL,I-2,0,6.0,6.0,0.0,6.0,0.0,0.0,8.0,4.0,3.0,2.0,0.0,6.0,1.0,13.0,1.0,0.0
56,6261,P.S. LUIS FELIPE DE LAS CASAS,2020,2,70106,CALLAO,CALLAO,VENTANILLA,GOBIERNO REGIONAL,I-2,0,2.0,3.0,0.0,3.0,0.0,0.0,4.0,2.0,1.0,0.0,0.0,3.0,0.0,10.0,2.0,0.0
57,6262,P.S. HIJOS DEL ALMIRANTE GRAU,2020,2,70106,CALLAO,CALLAO,VENTANILLA,GOBIERNO REGIONAL,I-2,0,9.0,13.0,0.0,4.0,0.0,0.0,6.0,2.0,2.0,1.0,0.0,3.0,0.0,7.0,1.0,0.0
58,6263,P.S. SANTA ROSA DE PACHACÚTEC,2020,2,70106,CALLAO,CALLAO,VENTANILLA,GOBIERNO REGIONAL,I-2,0,6.0,6.0,0.0,2.0,0.0,0.0,4.0,1.0,1.0,1.0,0.0,2.0,0.0,8.0,8.0,0.0
59,6264,P.S. BAHIA BLANCA,2020,2,70106,CALLAO,CALLAO,VENTANILLA,GOBIERNO REGIONAL,I-2,0,11.0,10.0,0.0,4.0,0.0,0.0,8.0,3.0,3.0,1.0,0.0,4.0,1.0,10.0,1.0,0.0
60,6266,03 DE FEBRERO,2020,2,70106,CALLAO,CALLAO,VENTANILLA,GOBIERNO REGIONAL,I-2,0,2.0,2.0,0.0,2.0,2.0,0.0,6.0,2.0,1.0,0.0,0.0,5.0,0.0,3.0,0.0,0.0
61,6267,P.S. CIUDAD PACHACUTEC,2020,2,70106,CALLAO,CALLAO,VENTANILLA,GOBIERNO REGIONAL,I-2,0,13.0,24.0,0.0,4.0,0.0,0.0,6.0,2.0,1.0,0.0,0.0,4.0,0.0,10.0,1.0,0.0
62,6268,P.S. DEFENSORES DE LA PATRIA,2020,2,70106,CALLAO,CALLAO,VENTANILLA,GOBIERNO REGIONAL,I-2,0,8.0,12.0,0.0,4.0,1.0,0.0,6.0,2.0,1.0,1.0,0.0,4.0,0.0,6.0,1.0,0.0
63,6669,SANIDAD AEREA INTERNACIONAL,2020,1,70101,CALLAO,CALLAO,CALLAO,GOBIERNO REGIONAL,I-2,0,2.0,2.0,0.0,9.0,0.0,0.0,3.0,0.0,0.0,0.0,0.0,0.0,0.0,8.0,0.0,0.0
64,6768,PALMERAS DE OQUENDO,2020,2,70101,CALLAO,CALLAO,CALLAO,GOBIERNO REGIONAL,I-2,0,7.0,7.0,0.0,4.0,0.0,0.0,4.0,2.0,2.0,1.0,0.0,3.0,0.0,7.0,2.0,0.0
65,7126,HOSPITAL DE VENTANILLA,2020,11,70106,CALLAO,CALLAO,VENTANILLA,GOBIERNO REGIONAL,II-1,II,0.0,0.0,87.0,99.0,0.0,17.0,103.0,7.0,6.0,2.0,17.0,41.0,6.0,210.0,1.0,1.0
66,7314,C.S. MATERNO INFANTIL PACHACUTEC  PERU-COREA,2020,2,70106,CALLAO,CALLAO,VENTANILLA,GOBIERNO REGIONAL,I-4,I,24.0,38.0,22.0,18.0,0.0,0.0,16.0,4.0,2.0,2.0,7.0,19.0,1.0,1.0,0.0,1.0
67,7632,HOSPITAL CARLOS LANFRANCO LA HOZ,2020,12,150125,LIMA,LIMA,PUENTE PIEDRA,MINSA,II-2,II,27.0,44.0,111.0,148.0,0.0,46.0,161.0,8.0,10.0,7.0,7.0,55.0,34.0,10.0,16.0,3.0
68,7633,HOSPITAL NACIONAL CAYETANO HEREDIA,2020,12,150135,LIMA,LIMA,SAN MARTIN DE PORRES,MINSA,III-1,III,102.0,39.0,376.0,434.0,0.0,231.0,525.0,9.0,24.0,18.0,78.0,44.0,12.0,1482.0,134.0,3.0
69,7634,HOSPITAL NACIONAL SERGIO E. BERNALES,2020,12,150110,LIMA,LIMA,COMAS,MINSA,III-1,III,43.0,4.0,347.0,211.0,0.0,114.0,241.0,8.0,12.0,7.0,51.0,53.0,11.0,865.0,45.0,3.0
70,7733,"INSTITUTO NACIONAL DE SALUD MENTAL ""HONORIO DELGADO - HIDEYO NOGUCHI""",2020,12,150135,LIMA,LIMA,SAN MARTIN DE PORRES,MINSA,III-2,III,4.0,2.0,22.0,130.0,0.0,46.0,80.0,0.0,45.0,4.0,14.0,4.0,7.0,140.0,56.0,2.0
71,7734,"INSTITUTO NACIONAL DE REHABILITACION ""DRA. ADRIANA REBAZA FLORES"" AMISTAD PERU - JAPON",2020,8,150108,LIMA,LIMA,CHORRILLOS,MINSA,III-2,III,55.0,82.0,48.0,127.0,0.0,44.0,30.0,2.0,24.0,8.0,120.0,0.0,7.0,114.0,49.0,2.0
72,7794,CONSORCIO RED MEDICA OSEA S.A.C.,2020,2,70103,CALLAO,CALLAO,CARMEN DE LA LEGUA-REYNOSO,PRIVADO,I-2,0,2.0,2.0,0.0,1.0,0.0,0.0,0.0,0.0,0.0,0.0,0.0,0.0,0.0,0.0,1.0,0.0
73,7840,PERFECTDENT-FERREYRA,2020,2,70106,CALLAO,CALLAO,VENTANILLA,PRIVADO,I-1,0,5.0,10.0,0.0,0.0,0.0,0.0,0.0,7.0,0.0,0.0,0.0,0.0,0.0,0.0,1.0,0.0
74,7918,LABORATORIO DE ANALISIS CLINICO LUIS NAKANDAKARI,2020,7,70101,CALLAO,CALLAO,CALLAO,PRIVADO,0,0,0.0,0.0,0.0,1.0,0.0,0.0,0.0,0.0,0.0,0.0,0.0,0.0,0.0,3.0,2.0,0.0
75,8215,MEDICENTRO SAN ISIDRO,2020,9,150131,LIMA,LIMA,SAN ISIDRO,PRIVADO,I-2,0,48.0,48.0,0.0,45.0,0.0,0.0,21.0,6.0,1.0,2.0,14.0,7.0,2.0,15.0,0.0,0.0
76,8251,CAP III HUAYCAN-GRDA-ESSALUD,2020,6,150103,LIMA,LIMA,ATE,ESSALUD,I-3,I,5.0,10.0,0.0,16.0,0.0,0.0,15.0,3.0,1.0,1.0,7.0,3.0,3.0,14.0,6.0,1.0
77,8258,REJUVENECIMIENTO Y ESTETICA CABANI SRL,2020,12,150130,LIMA,LIMA,SAN BORJA,PRIVADO,II-1,II,1.0,1.0,6.0,5.0,0.0,0.0,2.0,0.0,0.0,0.0,0.0,0.0,0.0,3.0,0.0,0.0
78,8265,HOSPITAL NACIONAL ALBERTO SABOGAL SOLOGUREN DE LA RED ASISTENCIAL SABOGAL,2020,12,70102,CALLAO,CALLAO,BELLAVISTA,ESSALUD,III-1,III,61.0,86.0,447.0,748.0,0.0,159.0,524.0,9.0,13.0,21.0,117.0,37.0,26.0,876.0,47.0,5.0
79,8266,HOSPITAL NAVAL,2020,9,70102,CALLAO,CALLAO,BELLAVISTA,SANIDAD DE LA MARINA DE GUERRA DEL PERU,III-1,III,70.0,70.0,259.0,129.0,0.0,50.0,261.0,14.0,12.0,7.0,33.0,1.0,8.0,248.0,11.0,4.0
80,8271,CLINICA SAN JUAN BAUTISTA,2020,12,150132,LIMA,LIMA,SAN JUAN DE LURIGANCHO,PRIVADO,II-2,II,24.0,64.0,45.0,13.0,0.0,0.0,63.0,0.0,1.0,9.0,5.0,2.0,87.0,0.0,1.0,0.0
81,8281,CLUB DE LA SALUD,2020,12,150101,LIMA,LIMA,LIMA,PRIVADO,II-2,II,7.0,14.0,56.0,81.0,0.0,0.0,41.0,0.0,2.0,2.0,19.0,0.0,3.0,78.0,1.0,0.0
82,8289,ESSALUD,2020,11,150134,LIMA,LIMA,SAN LUIS,ESSALUD,I-3,I,11.0,20.0,0.0,25.0,0.0,0.0,16.0,3.0,1.0,2.0,3.0,2.0,2.0,45.0,1.0,0.0
83,8317,HOSPITAL AURELIO DIAZ UFANO Y PERAL,2020,9,150132,LIMA,LIMA,SAN JUAN DE LURIGANCHO,ESSALUD,II-1,II,22.0,13.0,120.0,136.0,0.0,7.0,151.0,11.0,3.0,7.0,41.0,18.0,10.0,173.0,2.0,0.0
84,8318,ESSALUD - HOSPITAL I JORGE VOTO BERNALES CORPANCHO,2020,12,150137,LIMA,LIMA,SANTA ANITA,ESSALUD,II-1,II,17.0,8.0,38.0,95.0,0.0,4.0,66.0,8.0,1.0,4.0,27.0,21.0,7.0,95.0,2.0,0.0
85,8325,CLINICA CENTENARIO PERUANO JAPONESA,2020,11,150121,LIMA,LIMA,PUEBLO LIBRE,PRIVADO,II-2,II,41.0,123.0,121.0,76.0,0.0,0.0,186.0,8.0,2.0,7.0,127.0,12.0,7.0,232.0,0.0,1.0
86,8351,CLINICAS SAN BERNARDO S.A.,2020,12,150121,LIMA,LIMA,PUEBLO LIBRE,PRIVADO,II-E,II,5.0,5.0,22.0,82.0,0.0,0.0,6.0,0.0,0.0,1.0,3.0,0.0,1.0,13.0,0.0,0.0
87,8353,ESSALUD - HOSPITAL II VITARTE,2020,12,150103,LIMA,LIMA,ATE,ESSALUD,II-1,II,33.0,7.0,50.0,117.0,0.0,19.0,100.0,6.0,2.0,3.0,22.0,2.0,5.0,163.0,32.0,1.0
88,8370,POLICLINICO CHOSICA - ESSALUD,2020,2,150118,LIMA,LIMA,LURIGANCHO,ESSALUD,I-3,I,8.0,14.0,3.0,16.0,1.0,0.0,12.0,5.0,1.0,0.0,6.0,2.0,1.0,28.0,1.0,1.0
89,8378,POLICLINICO PROCERES,2020,12,150140,LIMA,LIMA,SANTIAGO DE SURCO,ESSALUD,I-3,I,9.0,28.0,0.0,28.0,0.0,0.0,19.0,3.0,1.0,1.0,7.0,8.0,3.0,18.0,1.0,0.0
90,8388,TG LASER OFTALMICA S.A.,2020,12,150131,LIMA,LIMA,SAN ISIDRO,PRIVADO,II-E,II,6.0,6.0,0.0,10.0,0.0,0.0,1.0,0.0,0.0,0.0,0.0,0.0,1.0,2.0,0.0,0.0
91,8389,INSTITUTO PERUANO DE ONCOLOGIA & RADIOTERAPIA,2020,11,150131,LIMA,LIMA,SAN ISIDRO,PRIVADO,I-4,I,3.0,6.0,16.0,15.0,0.0,0.0,10.0,0.0,0.0,1.0,2.0,0.0,1.0,10.0,0.0,1.0
92,8398,CLINICA EL GOLF,2020,12,150131,LIMA,LIMA,SAN ISIDRO,PRIVADO,II-2,II,48.0,0.0,62.0,251.0,0.0,0.0,53.0,0.0,0.0,3.0,34.0,16.0,3.0,0.0,128.0,0.0
93,8413,POLICLINICO RECONCILIACION,2020,1,70102,CALLAO,CALLAO,BELLAVISTA,PRIVADO,I-3,I,7.0,7.0,0.0,15.0,0.0,0.0,0.0,0.0,0.0,0.0,0.0,0.0,0.0,1.0,1.0,0.0
94,8438,POLICLINICO JUAN JOSE RODRIGUEZ LAZO,2020,12,150108,LIMA,LIMA,CHORRILLOS,ESSALUD,I-3,I,0.0,0.0,0.0,60.0,0.0,0.0,25.0,5.0,3.0,2.0,19.0,3.0,5.0,38.0,0.0,0.0
95,8489,ESSALUD - HOSPITAL III SUÁREZ ANGAMOS,2020,12,150122,LIMA,LIMA,MIRAFLORES,ESSALUD,II-2,II,56.0,68.0,69.0,239.0,0.0,0.0,161.0,6.0,6.0,3.0,45.0,35.0,15.0,195.0,58.0,1.0
96,8502,HOSPITAL III EMERGENCIAS GRAU,2020,12,150101,LIMA,LIMA,LIMA,ESSALUD,II-2,II,53.0,7.0,132.0,316.0,0.0,58.0,224.0,10.0,5.0,14.0,64.0,25.0,7.0,376.0,5.0,1.0
97,8519,CLINICA UNIVERSITARIA,2020,12,150110,LIMA,LIMA,COMAS,PRIVADO,II-1,II,22.0,32.0,17.0,21.0,0.0,0.0,10.0,1.0,1.0,1.0,2.0,4.0,2.0,15.0,4.0,1.0
98,8539,POLICLINICO CHINCHA,2020,10,150101,LIMA,LIMA,LIMA,ESSALUD,I-3,I,48.0,29.0,0.0,62.0,0.0,0.0,33.0,2.0,3.0,1.0,15.0,4.0,3.0,64.0,2.0,0.0
99,8564,HOSPITAL I OCTAVIO MONGRUT MUÑOZ,2020,12,150136,LIMA,LIMA,SAN MIGUEL,ESSALUD,II-1,II,23.0,13.0,366.0,199.0,0.0,0.0,201.0,5.0,5.0,11.0,36.0,4.0,8.0,282.0,2.0,1.0
100,8671,HOSPITAL I MARINO MOLINA SCIPPA,2020,10,150110,LIMA,LIMA,COMAS,ESSALUD,II-1,II,47.0,6.0,116.0,185.0,0.0,0.0,165.0,9.0,3.0,7.0,32.0,32.0,5.0,256.0,3.0,0.0
101,8711,POLICLINICO PABLO BERMUDEZ,2020,12,150113,LIMA,LIMA,JESUS MARIA,ESSALUD,I-3,I,33.0,62.0,0.0,17.0,0.0,0.0,16.0,3.0,1.0,1.0,14.0,1.0,3.0,31.0,0.0,0.0
102,8720,HOSPITAL NACIONAL EDGARDO REBAGLIATI MARTINS,2020,10,150113,LIMA,LIMA,JESUS MARIA,ESSALUD,III-2,III,118.0,16.0,1332.0,2017.0,0.0,505.0,1836.0,8.0,38.0,73.0,415.0,127.0,53.0,2543.0,43.0,0.0
103,8741,ULDARICO ROCCA FERNANDEZ,2020,5,150142,LIMA,LIMA,VILLA EL SALVADOR,ESSALUD,II-1,II,30.0,1.0,37.0,75.0,0.0,2.0,72.0,1.0,0.0,2.0,21.0,14.0,5.0,104.0,0.0,0.0
104,8746,CLINICA GOOD HOPE,2020,12,150122,LIMA,LIMA,MIRAFLORES,PRIVADO,II-2,II,42.0,42.0,130.0,337.0,0.0,0.0,190.0,11.0,6.0,9.0,18.0,26.0,3.0,283.0,8.0,1.0
105,8786,CLINICA SAN JUAN DE DIOS,2020,5,150134,LIMA,LIMA,SAN LUIS,PRIVADO,II-1,II,31.0,15.0,122.0,102.0,0.0,0.0,54.0,0.0,2.0,3.0,10.0,8.0,3.0,102.0,2.0,1.0
106,8880,CENTRO MEDICO ANCIJE,2020,2,150101,LIMA,LIMA,LIMA,ESSALUD,I-3,I,11.0,18.0,0.0,12.0,0.0,0.0,7.0,3.0,2.0,2.0,6.0,0.0,1.0,21.0,2.0,0.0
107,8881,POLICLINICO FRANCISCO PIZARRO,2020,12,150128,LIMA,LIMA,RIMAC,ESSALUD,I-3,I,28.0,13.0,0.0,36.0,0.0,0.0,18.0,4.0,3.0,1.0,6.0,2.0,3.0,86.0,2.0,0.0
108,8956,CLINICA DEL INCA,2020,12,150122,LIMA,LIMA,MIRAFLORES,PRIVADO,III-2,III,10.0,20.0,19.0,28.0,0.0,0.0,38.0,0.0,1.0,1.0,1.0,1.0,1.0,0.0,2.0,4.0
109,9010,CLINICA DE LA FAMILIA,2020,6,150114,LIMA,LIMA,LA MOLINA,PRIVADO,II-E,II,5.0,8.0,8.0,5.0,0.0,0.0,1.0,0.0,0.0,1.0,0.0,0.0,1.0,8.0,0.0,1.0
110,9089,ONCOGYN CLINICA INTEGRAL,2020,11,150113,LIMA,LIMA,JESUS MARIA,PRIVADO,II-E,II,0.0,0.0,5.0,7.0,0.0,0.0,3.0,0.0,0.0,0.0,0.0,0.0,1.0,2.0,0.0,0.0
111,9090,"CLINICA "" LIMATAMBO""",2020,12,150132,LIMA,LIMA,SAN JUAN DE LURIGANCHO,PRIVADO,II-1,II,20.0,31.0,30.0,90.0,0.0,1.0,43.0,4.0,4.0,1.0,10.0,7.0,2.0,93.0,1.0,1.0
112,9093,ARIE,2020,10,150114,LIMA,LIMA,LA MOLINA,PRIVADO,I-2,0,3.0,3.0,0.0,11.0,0.0,0.0,0.0,0.0,12.0,0.0,25.0,0.0,0.0,0.0,7.0,0.0
113,9104,CLINICA SAN MIGUEL ARCANGEL S.A.C.,2020,12,150132,LIMA,LIMA,SAN JUAN DE LURIGANCHO,PRIVADO,II-2,II,30.0,60.0,19.0,33.0,0.0,0.0,8.0,0.0,1.0,0.0,7.0,6.0,2.0,7.0,8.0,1.0
114,9116,CLINICA SAN FELIPE S.A.,2020,12,150113,LIMA,LIMA,JESUS MARIA,PRIVADO,III-1,III,53.0,94.0,167.0,176.0,0.0,0.0,217.0,0.0,2.0,2.0,30.0,10.0,4.0,276.0,50.0,0.0
115,9123,CLINICA ANGLOAMERICANA,2020,12,150131,LIMA,LIMA,SAN ISIDRO,PRIVADO,II-2,II,69.0,138.0,90.0,169.0,0.0,3.0,157.0,2.0,0.0,9.0,25.0,5.0,5.0,122.0,0.0,0.0
116,9144,CLINICA MEDICA ZEGARRA S.A.C.,2020,7,150110,LIMA,LIMA,COMAS,PRIVADO,II-1,II,9.0,13.0,16.0,29.0,0.0,0.0,8.0,0.0,1.0,1.0,7.0,3.0,1.0,18.0,2.0,1.0
117,9145,CLINICA MONTE SINAI,2020,12,150116,LIMA,LIMA,LINCE,PRIVADO,II-1,II,6.0,6.0,14.0,30.0,0.0,4.0,15.0,1.0,1.0,1.0,3.0,1.0,1.0,6.0,4.0,1.0
118,9148,POLICLINICO SANTA CRUZ,2020,9,150122,LIMA,LIMA,MIRAFLORES,ESSALUD,I-3,I,0.0,10.0,0.0,11.0,0.0,2.0,7.0,3.0,1.0,0.0,2.0,1.0,2.0,3.0,0.0,0.0
119,9153,CLINICA MONTEFIORI,2020,11,150114,LIMA,LIMA,LA MOLINA,PRIVADO,II-2,II,39.0,78.0,45.0,213.0,0.0,0.0,62.0,2.0,1.0,1.0,6.0,7.0,1.0,65.0,1.0,1.0
120,9188,HOSPITAL II RAMON CASTILLA,2020,9,150101,LIMA,LIMA,LIMA,ESSALUD,II-1,II,3.0,4.0,45.0,85.0,0.0,0.0,56.0,7.0,4.0,3.0,37.0,16.0,3.0,8.0,134.0,0.0
121,9250,CLINICA BELLAVISTA,2020,9,70102,CALLAO,CALLAO,BELLAVISTA,PRIVADO,II-1,II,14.0,2.0,16.0,35.0,0.0,0.0,41.0,0.0,0.0,0.0,6.0,0.0,3.0,52.0,5.0,0.0
122,9251,HOSPITAL NACIONAL GUILLERMO ALMENARA IRIGOYEN,2020,10,150115,LIMA,LIMA,LA VICTORIA,ESSALUD,III-2,III,135.0,111.0,1257.0,1377.0,0.0,287.0,1389.0,11.0,21.0,60.0,294.0,45.0,40.0,1330.0,55.0,3.0
123,9274,POLICLINICO FIORI,2020,2,150135,LIMA,LIMA,SAN MARTIN DE PORRES,ESSALUD,I-3,I,25.0,43.0,0.0,23.0,0.0,0.0,20.0,5.0,0.0,2.0,9.0,3.0,2.0,42.0,26.0,0.0
124,9288,CENTRO DE INVESTIGACION Y ATENCION CARDIOVASCULAR SOCIEDAD ANONIMA CERRADA,2020,12,150131,LIMA,LIMA,SAN ISIDRO,PRIVADO,II-E,II,3.0,6.0,14.0,2.0,2.0,0.0,2.0,0.0,0.0,1.0,0.0,0.0,1.0,2.0,0.0,0.0
125,9298,POLICLINICO CENTRAL DE PREVENCION LARCO,2020,11,150122,LIMA,LIMA,MIRAFLORES,ESSALUD,I-3,I,7.0,14.0,0.0,22.0,0.0,0.0,1.0,6.0,1.0,0.0,12.0,0.0,0.0,18.0,1.0,0.0
126,9379,SAN JOAQUIN,2020,12,150132,LIMA,LIMA,SAN JUAN DE LURIGANCHO,PRIVADO,I-3,I,10.0,10.0,0.0,8.0,0.0,0.0,5.0,2.0,1.0,0.0,2.0,0.0,1.0,10.0,2.0,0.0
127,9409,CLINICA RICARDO PALMA,2020,12,150131,LIMA,LIMA,SAN ISIDRO,PRIVADO,III-1,III,216.0,315.0,186.0,454.0,0.0,4.0,201.0,12.0,6.0,4.0,35.0,13.0,6.0,390.0,6.0,0.0
128,9431,CLÍNICA SANTA CATALINA,2020,12,150115,LIMA,LIMA,LA VICTORIA,PRIVADO,II-E,II,1.0,1.0,0.0,1.0,0.0,0.0,1.0,0.0,0.0,0.0,0.0,0.0,0.0,1.0,0.0,0.0
129,9437,CLINICA LIMATAMBO,2020,12,150131,LIMA,LIMA,SAN ISIDRO,PRIVADO,II-2,II,42.0,56.0,38.0,169.0,0.0,0.0,61.0,8.0,9.0,5.0,15.0,10.0,2.0,135.0,190.0,4.0
130,9478,CLÍNICA SOLIDARIA LA CAMPIÑA,2020,12,150108,LIMA,LIMA,CHORRILLOS,PRIVADO,II-E,II,,,,,,,,,,,,,,,,
131,9483,OCULASER SAC,2020,12,150101,LIMA,LIMA,LIMA,PRIVADO,II-E,II,4.0,4.0,0.0,4.0,0.0,0.0,2.0,0.0,0.0,0.0,2.0,0.0,0.0,7.0,0.0,0.0
132,9505,OFTALMOSALUD,2020,12,150131,LIMA,LIMA,SAN ISIDRO,PRIVADO,II-E,II,18.0,34.0,0.0,20.0,0.0,0.0,8.0,0.0,0.0,0.0,0.0,0.0,1.0,18.0,15.0,1.0
133,9562,CENTRO ODONTOLÓGICO CANO ALVAREZ,2020,7,150122,LIMA,LIMA,MIRAFLORES,PRIVADO,I-3,I,6.0,6.0,0.0,0.0,0.0,0.0,0.0,6.0,0.0,0.0,0.0,0.0,0.0,2.0,1.0,0.0
134,9641,CLINICA MUNDO SALUD SAC,2020,12,150117,LIMA,LIMA,LOS OLIVOS,PRIVADO,II-E,II,14.0,5.0,12.0,16.0,0.0,0.0,14.0,2.0,0.0,1.0,3.0,3.0,1.0,15.0,3.0,0.0
135,9682,CLÍNICA INTERNACIONAL,2020,11,150130,LIMA,LIMA,SAN BORJA,PRIVADO,II-2,II,0.0,0.0,103.0,441.0,0.0,1.0,188.0,18.0,5.0,5.0,2.0,10.0,9.0,19.0,0.0,0.0
136,9850,CLÍNICA VESALIO,2020,12,150130,LIMA,LIMA,SAN BORJA,PRIVADO,II-2,II,45.0,90.0,54.0,178.0,0.0,0.0,86.0,4.0,3.0,2.0,14.0,5.0,5.0,96.0,0.0,1.0
137,9886,CLINICA SAN BORJA,2020,12,150130,LIMA,LIMA,SAN BORJA,PRIVADO,III-1,III,60.0,120.0,109.0,271.0,0.0,5.0,491.0,0.0,0.0,1.0,20.0,11.0,3.0,0.0,1.0,11.0
138,9888,CLINICA UNIPLAST S.A.C.,2020,10,150131,LIMA,LIMA,SAN ISIDRO,PRIVADO,II-1,II,2.0,3.0,3.0,3.0,0.0,0.0,1.0,0.0,0.0,0.0,0.0,0.0,0.0,1.0,0.0,0.0
139,9917,CLINICA CARRION,2020,12,70106,CALLAO,CALLAO,VENTANILLA,PRIVADO,II-E,II,9.0,1.0,4.0,5.0,0.0,0.0,3.0,0.0,0.0,0.0,0.0,0.0,0.0,7.0,0.0,0.0
140,9979,CENTRO DE ATENCION PRIMARIA II LURIN,2020,12,150119,LIMA,LIMA,LURIN,ESSALUD,I-3,I,14.0,21.0,0.0,8.0,0.0,0.0,8.0,3.0,1.0,1.0,0.0,3.0,1.0,12.0,1.0,0.0
141,9982,CLINICA REPROMEDIC,2020,12,150113,LIMA,LIMA,JESUS MARIA,PRIVADO,II-E,II,5.0,8.0,10.0,12.0,0.0,4.0,4.0,0.0,0.0,1.0,2.0,4.0,2.0,10.0,3.0,0.0
142,9988,CLINICA SAN PABLO,2020,12,150140,LIMA,LIMA,SANTIAGO DE SURCO,PRIVADO,II-2,II,99.0,153.0,130.0,460.0,0.0,3.0,230.0,0.0,7.0,4.0,63.0,11.0,12.0,353.0,2.0,2.0
143,9989,CLINICA PADRE LUIS TEZZA,2020,12,150140,LIMA,LIMA,SANTIAGO DE SURCO,PRIVADO,II-2,II,47.0,94.0,71.0,358.0,0.0,0.0,104.0,0.0,2.0,2.0,38.0,5.0,2.0,109.0,0.0,0.0
144,10098,HOSPITAL MILITAR GERIATRICO,2020,10,150108,LIMA,LIMA,CHORRILLOS,SANIDAD DEL EJERCITO DEL PERU,II-E,II,28.0,34.0,21.0,41.0,0.0,0.0,61.0,8.0,7.0,0.0,7.0,0.0,1.0,57.0,5.0,1.0
145,10135,HOSPITAL I CARLOS ALCANTARA BUTTERFIELD,2020,12,150114,LIMA,LIMA,LA MOLINA,ESSALUD,II-1,II,23.0,54.0,35.0,133.0,0.0,5.0,88.0,10.0,3.0,4.0,29.0,17.0,12.0,106.0,3.0,0.0
146,10182,CLINICA JESUS DEL NORTE,2020,12,150112,LIMA,LIMA,INDEPENDENCIA,PRIVADO,II-2,II,44.0,96.0,107.0,420.0,0.0,0.0,182.0,6.0,6.0,8.0,39.0,12.0,8.0,273.0,444.0,2.0
147,10229,CENTRO MEDICO ESPECIALIZADO VIRGEN DE LAS MERCEDES E.I.R.L,2020,11,150143,LIMA,LIMA,VILLA MARIA DEL TRIUNFO,PRIVADO,I-4,I,9.0,18.0,3.0,3.0,0.0,0.0,1.0,1.0,0.0,0.0,1.0,2.0,0.0,3.0,1.0,0.0
148,10251,CLUB DE LA SALUD,2020,12,150108,LIMA,LIMA,CHORRILLOS,PRIVADO,II-2,II,19.0,29.0,57.0,79.0,0.0,0.0,45.0,0.0,2.0,1.0,8.0,4.0,3.0,51.0,67.0,0.0
149,10385,"CENTRO DE SALUD MILITAR ""SAN JUAN""",2020,9,150133,LIMA,LIMA,SAN JUAN DE MIRAFLORES,SANIDAD DEL EJERCITO DEL PERU,I-3,I,15.0,12.0,2.0,7.0,0.0,0.0,11.0,4.0,1.0,0.0,2.0,3.0,0.0,6.0,3.0,1.0
150,10401,CESAR MORILLAS,2020,2,150140,LIMA,LIMA,SANTIAGO DE SURCO,PRIVADO,I-2,0,5.0,10.0,11.0,21.0,0.0,5.0,10.0,0.0,0.0,1.0,0.0,0.0,1.0,9.0,0.0,0.0
151,10402,LASER VISION CENTER & ASOCIADOS S.A.C.,2020,12,150131,LIMA,LIMA,SAN ISIDRO,PRIVADO,II-E,II,2.0,4.0,0.0,8.0,0.0,0.0,2.0,0.0,0.0,0.0,0.0,0.0,0.0,3.0,0.0,0.0
152,10434,ESSALUD - CLINICA GERIATRICA SAN ISIDRO LABRADOR,2020,12,150137,LIMA,LIMA,SANTA ANITA,ESSALUD,II-E,II,1.0,1.0,146.0,93.0,0.0,10.0,134.0,0.0,2.0,11.0,43.0,0.0,2.0,152.0,3.0,0.0
153,10439,CENTRO CLINICO JESUS MARIA,2020,12,150113,LIMA,LIMA,JESUS MARIA,PRIVADO,I-3,I,8.0,12.0,0.0,23.0,0.0,1.0,14.0,5.0,1.0,1.0,3.0,12.0,1.0,12.0,2.0,0.0
154,10451,POSTA MÉDICA POLICIAL VIPOL,2020,12,70101,CALLAO,CALLAO,CALLAO,SANIDAD DE LA POLICIA NACIONAL DEL PERU,I-2,0,6.0,7.0,0.0,1.0,0.0,0.0,1.0,1.0,1.0,0.0,0.0,2.0,0.0,8.0,0.0,0.0
155,10464,CLINICA ANGLO AMERICANA,2020,12,150114,LIMA,LIMA,LA MOLINA,PRIVADO,I-3,I,13.0,26.0,0.0,53.0,0.0,0.0,14.0,0.0,0.0,0.0,3.0,0.0,2.0,8.0,0.0,0.0
156,10467,CLINICA FLEMING,2020,12,150130,LIMA,LIMA,SAN BORJA,PRIVADO,II-E,II,14.0,42.0,8.0,66.0,0.0,0.0,5.0,2.0,0.0,1.0,2.0,0.0,2.0,10.0,0.0,0.0
157,10498,ILA,2020,11,150140,LIMA,LIMA,SANTIAGO DE SURCO,PRIVADO,0,0,1.0,1.0,0.0,4.0,0.0,0.0,0.0,0.0,3.0,0.0,10.0,0.0,0.0,0.0,3.0,0.0
158,10515,CLINICA SANTA LUCIA S.A.C.,2020,11,150130,LIMA,LIMA,SAN BORJA,PRIVADO,II-1,II,5.0,5.0,17.0,18.0,0.0,1.0,5.0,0.0,2.0,1.0,1.0,0.0,1.0,20.0,0.0,0.0
159,10533,"HOSPITAL II LIMA NORTE CALLAO ""LUIS NEGREIROS VEGA"" ESSALUD",2020,7,70101,CALLAO,CALLAO,CALLAO,ESSALUD,II-2,II,25.0,25.0,162.0,286.0,0.0,24.0,293.0,5.0,5.0,16.0,88.0,33.0,18.0,377.0,5.0,0.0
160,10557,POLICLINICO  POLICIAL CALLAO,2020,10,70104,CALLAO,CALLAO,LA PERLA,SANIDAD DE LA POLICIA NACIONAL DEL PERU,I-3,I,6.0,7.0,0.0,6.0,0.0,0.0,2.0,1.0,2.0,0.0,0.0,2.0,1.0,13.0,0.0,1.0
161,10573,POSTA MEDICA POLICIAL VENTANILLA,2020,9,70106,CALLAO,CALLAO,VENTANILLA,SANIDAD DE LA POLICIA NACIONAL DEL PERU,I-2,0,3.0,3.0,0.0,3.0,3.0,0.0,1.0,2.0,3.0,0.0,0.0,1.0,0.0,6.0,0.0,0.0
162,10603,CLÍNICA MÉDICA CAYETANO HEREDIA,2020,12,150135,LIMA,LIMA,SAN MARTIN DE PORRES,PRIVADO,II-2,II,31.0,220.0,50.0,227.0,0.0,0.0,49.0,0.0,5.0,3.0,22.0,6.0,2.0,127.0,2.0,0.0
163,10610,POSTA MEDICA POLICIAL SEDE DIRAVPOL,2020,12,70101,CALLAO,CALLAO,CALLAO,SANIDAD DE LA POLICIA NACIONAL DEL PERU,I-2,0,2.0,2.0,0.0,1.0,0.0,0.0,0.0,1.0,0.0,0.0,0.0,0.0,0.0,7.0,0.0,0.0
164,10669,CLÍNICA PERUANA DE LA VISION,2020,10,150113,LIMA,LIMA,JESUS MARIA,PRIVADO,II-E,II,4.0,6.0,0.0,3.0,0.0,0.0,0.0,0.0,0.0,0.0,0.0,0.0,0.0,0.0,0.0,0.0
165,10739,CLINICA OFTALMOLOGICA WONG,2020,10,150131,LIMA,LIMA,SAN ISIDRO,PRIVADO,II-E,II,4.0,4.0,0.0,4.0,0.0,0.0,2.0,0.0,0.0,0.0,2.0,0.0,0.0,7.0,0.0,0.0
166,10743,CLINICA STELLA MARIS,2020,12,150121,LIMA,LIMA,PUEBLO LIBRE,PRIVADO,II-2,II,36.0,72.0,56.0,167.0,0.0,0.0,108.0,8.0,0.0,3.0,25.0,12.0,3.0,180.0,1.0,0.0
167,10751,HOSPITAL CENTRAL DE LA FUERZA AEREA DEL PERU,2020,1,150122,LIMA,LIMA,MIRAFLORES,SANIDAD DE LA FUERZA AEREA DEL PERU,III-1,III,117.0,155.0,283.0,289.0,0.0,23.0,243.0,51.0,14.0,8.0,60.0,13.0,8.0,495.0,11.0,3.0
168,10776,TRAUMATOLOGIA Y ORTOPEDIA AYBAR & AS SAC,2020,12,150113,LIMA,LIMA,JESUS MARIA,PRIVADO,II-1,II,3.0,3.0,3.0,5.0,0.0,0.0,1.0,0.0,0.0,0.0,0.0,0.0,0.0,1.0,0.0,0.0
169,10827,HOGAR DE LA MADRE CLINICA-HOSPITAL,2020,12,150122,LIMA,LIMA,MIRAFLORES,OTRO,II-2,II,0.0,5.0,25.0,28.0,0.0,0.0,10.0,0.0,0.0,1.0,0.0,22.0,1.0,27.0,32.0,0.0
170,10831,centro Especializado en Odontoestomatología,2020,12,150121,LIMA,LIMA,PUEBLO LIBRE,PRIVADO,II-1,II,,,,,,,,,,,,,,,,
171,11056,OFTALMIC SERVICE SAC,2020,12,150130,LIMA,LIMA,SAN BORJA,PRIVADO,II-E,II,8.0,3.0,0.0,8.0,0.0,0.0,0.0,0.0,0.0,0.0,0.0,0.0,0.0,0.0,0.0,0.0
172,11087,CLINICA LA LUZ S.A.C.,2020,12,150101,LIMA,LIMA,LIMA,PRIVADO,II-1,II,23.0,46.0,9.0,90.0,0.0,1.0,4.0,2.0,2.0,4.0,1.0,2.0,1.0,7.0,0.0,1.0
173,11110,CLINICA CAMPBELL,2020,5,150140,LIMA,LIMA,SANTIAGO DE SURCO,PRIVADO,II-E,II,1.0,1.0,2.0,4.0,0.0,0.0,2.0,0.0,0.0,0.0,0.0,0.0,0.0,2.0,0.0,0.0
174,11113,CLINICA MONTERRICO,2020,10,150140,LIMA,LIMA,SANTIAGO DE SURCO,PRIVADO,II-E,II,26.0,22.0,5.0,33.0,0.0,0.0,8.0,1.0,0.0,1.0,2.0,5.0,2.0,12.0,2.0,1.0
175,11167,OFTALMOMEDIC,2020,11,150101,LIMA,LIMA,LIMA,PRIVADO,II-E,II,7.0,14.0,0.0,15.0,0.0,0.0,2.0,0.0,0.0,0.0,0.0,0.0,1.0,6.0,0.0,0.0
176,11177,INSTITUTO DE SALUD LIBERTAD SAC,2020,9,150122,LIMA,LIMA,MIRAFLORES,PRIVADO,I-2,0,9.0,9.0,0.0,2.0,0.0,0.0,0.0,0.0,4.0,0.0,0.0,0.0,0.0,0.0,1.0,0.0
177,11182,CONSULTORIOS LIMATAMBO SEDE MINKA,2020,12,70101,CALLAO,CALLAO,CALLAO,PRIVADO,I-2,0,9.0,9.0,0.0,15.0,0.0,0.0,3.0,0.0,0.0,0.0,1.0,0.0,1.0,7.0,0.0,0.0
178,11187,POLICLINICO PNP ZARATE,2020,10,150132,LIMA,LIMA,SAN JUAN DE LURIGANCHO,SANIDAD DE LA POLICIA NACIONAL DEL PERU,I-3,I,7.0,10.0,0.0,4.0,0.0,0.0,3.0,3.0,2.0,0.0,2.0,1.0,0.0,14.0,0.0,1.0
179,11227,POSTA MEDICA PNP CHACLACAYO,2020,12,150107,LIMA,LIMA,CHACLACAYO,SANIDAD DE LA POLICIA NACIONAL DEL PERU,I-2,0,3.0,0.0,0.0,0.0,0.0,0.0,2.0,0.0,0.0,0.0,0.0,0.0,0.0,6.0,0.0,0.0
180,11241,CLINICA SAN VICENTE S.A.,2020,12,150135,LIMA,LIMA,SAN MARTIN DE PORRES,PRIVADO,II-1,II,9.0,9.0,29.0,47.0,0.0,0.0,12.0,0.0,0.0,0.0,3.0,3.0,3.0,24.0,8.0,1.0
181,11346,IPOR CLINICA ESPECIALIZADA ONCOLOGIA & CIRUGIA,2020,12,150130,LIMA,LIMA,SAN BORJA,PRIVADO,II-E,II,3.0,6.0,16.0,15.0,0.0,0.0,10.0,0.0,0.0,1.0,2.0,0.0,1.0,10.0,0.0,1.0
182,11358,CONFÍA INSTITUTO OFTALMOLÓGICO,2020,11,150131,LIMA,LIMA,SAN ISIDRO,PRIVADO,II-E,II,4.0,4.0,0.0,4.0,0.0,0.0,2.0,0.0,0.0,0.0,2.0,0.0,0.0,7.0,0.0,0.0
183,11372,FUTURO VISION,2020,12,150130,LIMA,LIMA,SAN BORJA,PRIVADO,II-E,II,4.0,4.0,0.0,4.0,0.0,0.0,2.0,0.0,0.0,0.0,2.0,0.0,0.0,7.0,0.0,0.0
184,11401,CLINICA SAN JUDAS TADEO,2020,10,150136,LIMA,LIMA,SAN MIGUEL,PRIVADO,II-2,II,50.0,107.0,56.0,180.0,0.0,0.0,92.0,17.0,2.0,3.0,33.0,10.0,4.0,1.0,122.0,122.0
185,11547,CLINICA CONTINENTAL,2020,12,150130,LIMA,LIMA,SAN BORJA,PRIVADO,II-E,II,5.0,8.0,3.0,6.0,0.0,0.0,1.0,0.0,0.0,0.0,1.0,0.0,0.0,5.0,0.0,0.0
186,11741,CLÍNICA NORVISION,2020,12,150121,LIMA,LIMA,PUEBLO LIBRE,PRIVADO,II-E,II,8.0,8.0,0.0,4.0,0.0,0.0,2.0,0.0,0.0,0.0,0.0,0.0,1.0,2.0,0.0,0.0
187,11750,CLINICA LOS ANDES SAC,2020,12,150122,LIMA,LIMA,MIRAFLORES,PRIVADO,II-E,II,19.0,32.0,15.0,65.0,0.0,0.0,13.0,1.0,1.0,1.0,6.0,0.0,1.0,18.0,1.0,1.0
188,11803,CLINICA VIRGEN DEL ROSARIO SRL,2020,12,150120,LIMA,LIMA,MAGDALENA DEL MAR,PRIVADO,II-1,II,10.0,10.0,20.0,20.0,0.0,0.0,11.0,0.0,0.0,0.0,2.0,4.0,1.0,15.0,0.0,0.0
189,11849,CLINICA MIRAFLORES SAC,2020,12,150122,LIMA,LIMA,MIRAFLORES,PRIVADO,II-E,II,14.0,24.0,23.0,28.0,0.0,0.0,12.0,0.0,1.0,1.0,2.0,5.0,1.0,19.0,3.0,0.0
190,11876,POLICLINICO PNP SAN MARTIN DE PORRES,2020,12,150135,LIMA,LIMA,SAN MARTIN DE PORRES,SANIDAD DE LA POLICIA NACIONAL DEL PERU,I-3,I,8.0,5.0,0.0,4.0,0.0,0.0,3.0,2.0,1.0,1.0,0.0,0.0,1.0,12.0,0.0,0.0
191,11950,CLINICA CHORRILLOS,2020,12,150108,LIMA,LIMA,CHORRILLOS,PRIVADO,II-E,II,8.0,4.0,11.0,3.0,0.0,0.0,3.0,0.0,0.0,0.0,1.0,1.0,0.0,3.0,6.0,0.0
192,12020,CLINICA OFTALMOLOGICA ESPECIALIZADA ÑAHUI,2020,4,150141,LIMA,LIMA,SURQUILLO,PRIVADO,II-E,II,0.0,0.0,0.0,43.0,0.0,0.0,3.0,0.0,0.0,0.0,1.0,0.0,0.0,15.0,30.0,0.0
193,12106,CLINICA MEDICA PRIMAVERA,2020,12,150117,LIMA,LIMA,LOS OLIVOS,PRIVADO,II-E,II,5.0,5.0,5.0,5.0,0.0,0.0,1.0,0.0,1.0,0.0,1.0,6.0,2.0,4.0,4.0,0.0
194,12206,DETECTA CLINICA,2020,12,150141,LIMA,LIMA,SURQUILLO,PRIVADO,II-E,II,5.0,10.0,18.0,30.0,0.0,5.0,40.0,0.0,0.0,1.0,6.0,0.0,2.0,40.0,0.0,0.0
195,12219,CLINICA MONTESUR,2020,12,150140,LIMA,LIMA,SANTIAGO DE SURCO,PRIVADO,II-E,II,29.0,49.0,35.0,71.0,0.0,0.0,41.0,0.0,0.0,0.0,3.0,8.0,1.0,91.0,1.0,0.0
196,12220,CLINICA REAL LOS LAURELES SAC,2020,11,150108,LIMA,LIMA,CHORRILLOS,PRIVADO,II-E,II,3.0,3.0,7.0,3.0,0.0,0.0,3.0,0.0,0.0,0.0,0.0,1.0,1.0,2.0,0.0,1.0
197,12267,CLINICA SERVICIOS MEDICOS INTEGRALES SAN MARCOS,2020,12,150132,LIMA,LIMA,SAN JUAN DE LURIGANCHO,PRIVADO,II-E,II,22.0,35.0,15.0,43.0,0.0,0.0,16.0,0.0,1.0,1.0,0.0,4.0,2.0,23.0,30.0,0.0
198,12275,POLICLINICO PNP DINOES,2020,10,150103,LIMA,LIMA,ATE,SANIDAD DE LA POLICIA NACIONAL DEL PERU,I-3,I,5.0,2.0,0.0,5.0,0.0,0.0,2.0,0.0,2.0,0.0,0.0,0.0,1.0,9.0,0.0,1.0
199,12366,MISION MEDICA SAC,2020,12,150130,LIMA,LIMA,SAN BORJA,PRIVADO,0,0,0.0,0.0,0.0,25.0,1.0,0.0,8.0,0.0,0.0,0.0,0.0,0.0,0.0,17.0,0.0,8.0
200,12492,CLINICA DE OJOS VISUAL OPHTHALMICS,2020,4,150121,LIMA,LIMA,PUEBLO LIBRE,PRIVADO,II-E,II,3.0,3.0,0.0,2.0,0.0,0.0,1.0,0.0,0.0,0.0,0.0,0.0,0.0,2.0,0.0,0.0
201,12572,CLINICA PAULISTA DEL PERU S.A.C,2020,12,150140,LIMA,LIMA,SANTIAGO DE SURCO,PRIVADO,II-E,II,3.0,3.0,1.0,4.0,0.0,0.0,3.0,0.0,0.0,0.0,1.0,0.0,0.0,4.0,2.0,0.0
202,12633,CLINICA JAVIER PRADO,2020,12,150131,LIMA,LIMA,SAN ISIDRO,PRIVADO,II-2,II,58.0,58.0,66.0,252.0,0.0,0.0,110.0,0.0,0.0,0.0,0.0,6.0,3.0,113.0,0.0,0.0
203,12664,POLICLINICO  PNP CARABAYLLO,2020,11,150106,LIMA,LIMA,CARABAYLLO,SANIDAD DE LA POLICIA NACIONAL DEL PERU,I-3,I,1.0,1.0,0.0,0.0,0.0,0.0,2.0,1.0,3.0,1.0,3.0,1.0,1.0,12.0,0.0,0.0
204,12666,CLINICA PROVIDENCIA,2020,12,150136,LIMA,LIMA,SAN MIGUEL,PRIVADO,II-2,II,49.0,98.0,50.0,279.0,0.0,0.0,58.0,2.0,2.0,2.0,20.0,4.0,2.0,90.0,1.0,1.0
205,12739,UNIDAD EJECUTORA 020: SANIDAD DE LA PNP - POLICLINICO PNP SAN DIEGO,2020,12,150135,LIMA,LIMA,SAN MARTIN DE PORRES,SANIDAD DE LA POLICIA NACIONAL DEL PERU,I-2,0,4.0,3.0,0.0,1.0,0.0,0.0,2.0,2.0,1.0,0.0,1.0,2.0,0.0,20.0,0.0,0.0
206,12740,POLICLINICO PNP MININTER,2020,11,150131,LIMA,LIMA,SAN ISIDRO,SANIDAD DE LA POLICIA NACIONAL DEL PERU,I-3,I,6.0,6.0,0.0,3.0,0.0,0.0,4.0,2.0,2.0,0.0,1.0,1.0,0.0,12.0,0.0,1.0
207,12741,POSTA MEDICA PNP INDEPENDENCIA,2020,10,150112,LIMA,LIMA,INDEPENDENCIA,SANIDAD DE LA POLICIA NACIONAL DEL PERU,I-2,0,4.0,1.0,0.0,2.0,0.0,0.0,4.0,1.0,2.0,0.0,1.0,0.0,0.0,11.0,0.0,0.0
208,12822,CENTRO ODONTOLOGICO PNP ANGAMOS,2020,12,150141,LIMA,LIMA,SURQUILLO,SANIDAD DE LA POLICIA NACIONAL DEL PERU,I-3,I,26.0,12.0,0.0,0.0,0.0,0.0,0.0,15.0,0.0,0.0,0.0,0.0,0.0,17.0,0.0,0.0
209,12885,POLICLINICO PNP WALTER ROSALES,2020,12,150141,LIMA,LIMA,SURQUILLO,SANIDAD DE LA POLICIA NACIONAL DEL PERU,I-3,I,2.0,2.0,0.0,6.0,0.0,0.0,2.0,0.0,2.0,0.0,1.0,0.0,0.0,6.0,0.0,1.0
210,12923,POSTA MEDICA POLICIAL SEDE ESCUELA PUENTE PIEDRA,2020,12,150125,LIMA,LIMA,PUENTE PIEDRA,SANIDAD DE LA POLICIA NACIONAL DEL PERU,I-2,0,2.0,2.0,144.0,4.0,1.0,0.0,2.0,0.0,2.0,1.0,2.0,1.0,0.0,18.0,0.0,2.0
211,12947,CLINICA SANTA MARIA,2020,10,150141,LIMA,LIMA,SURQUILLO,PRIVADO,II-E,II,4.0,6.0,20.0,12.0,0.0,0.0,8.0,0.0,0.0,1.0,5.0,2.0,2.0,12.0,0.0,0.0
212,12975,CL ESPECIALIDADES MEDICAS,2020,12,150130,LIMA,LIMA,SAN BORJA,PRIVADO,II-1,II,24.0,48.0,13.0,82.0,0.0,0.0,16.0,14.0,1.0,1.0,2.0,0.0,2.0,27.0,0.0,0.0
213,13012,CENTRO DE ATENCIÓN PRIMARIA III SAN JUAN DE MIRAFLORES,2020,12,150133,LIMA,LIMA,SAN JUAN DE MIRAFLORES,ESSALUD,I-3,I,0.0,0.0,0.0,29.0,0.0,0.0,24.0,6.0,2.0,1.0,3.0,3.0,2.0,22.0,2.0,0.0
214,13044,MEGASALUD NARANJAL S.A.C.,2020,12,150117,LIMA,LIMA,LOS OLIVOS,PRIVADO,II-E,II,5.0,10.0,7.0,12.0,0.0,0.0,6.0,0.0,0.0,1.0,1.0,8.0,1.0,10.0,5.0,0.0
215,13064,CLINICA CEDRON,2020,12,150140,LIMA,LIMA,SANTIAGO DE SURCO,PRIVADO,II-E,II,1.0,1.0,6.0,5.0,0.0,0.0,4.0,0.0,0.0,1.0,0.0,0.0,0.0,4.0,0.0,0.0
216,13091,ESSALUD,2020,9,150141,LIMA,LIMA,SURQUILLO,ESSALUD,I-3,I,5.0,8.0,0.0,9.0,0.0,0.0,10.0,3.0,0.0,0.0,1.0,2.0,1.0,4.0,0.0,0.0
217,13215,CENTRO CLINICO ZARATE,2020,12,150132,LIMA,LIMA,SAN JUAN DE LURIGANCHO,PRIVADO,I-3,I,8.0,14.0,0.0,18.0,0.0,0.0,10.0,3.0,2.0,1.0,3.0,3.0,1.0,11.0,2.0,0.0
218,13383,CLINICA SANTA ISABEL,2020,10,150130,LIMA,LIMA,SAN BORJA,PRIVADO,II-E,II,17.0,101.0,26.0,44.0,0.0,0.0,47.0,0.0,0.0,1.0,2.0,23.0,2.0,74.0,1.0,0.0
219,13591,HOSPITAL NACIONAL POLICIA NACIONAL DEL PERU GRAL PNP LUIS N. SAENZ.,2020,9,150113,LIMA,LIMA,JESUS MARIA,SANIDAD DE LA POLICIA NACIONAL DEL PERU,III-1,III,134.0,154.0,411.0,308.0,0.0,74.0,326.0,22.0,22.0,8.0,98.0,35.0,19.0,1045.0,5.0,6.0
220,13687,CENTRO DE REHABILITACIÓN INFANTIL - ARIE,2020,10,150142,LIMA,LIMA,VILLA EL SALVADOR,PRIVADO,0,0,2.0,2.0,0.0,4.0,0.0,0.0,0.0,0.0,7.0,0.0,21.0,0.0,0.0,0.0,4.0,0.0
221,13834,CENTRO DE REHABILITACION INFANTIL -  ARIE,2020,9,150110,LIMA,LIMA,COMAS,PRIVADO,0,0,3.0,3.0,0.0,3.0,0.0,0.0,0.0,0.0,4.0,0.0,14.0,0.0,0.0,0.0,5.0,0.0
222,13900,OFTALMOSALUD,2020,12,150140,LIMA,LIMA,SANTIAGO DE SURCO,PRIVADO,II-E,II,2.0,0.0,0.0,2.0,0.0,0.0,0.0,0.0,0.0,0.0,0.0,0.0,1.0,1.0,1.0,1.0
223,13952,HOSPITAL DE LA MUJER.,2020,8,150141,LIMA,LIMA,SURQUILLO,PRIVADO,II-E,II,4.0,2.0,2.0,2.0,0.0,0.0,0.0,0.0,0.0,0.0,0.0,0.0,0.0,1.0,0.0,0.0
224,14181,CLINICA SERVISALUD,2020,12,150113,LIMA,LIMA,JESUS MARIA,PRIVADO,II-E,II,9.0,20.0,9.0,2.0,0.0,0.0,7.0,0.0,0.0,0.0,4.0,0.0,1.0,14.0,0.0,0.0
225,14361,INSTITUTO DEL CEREBRO Y LA COLUMNA VERTEBRAL,2020,12,150122,LIMA,LIMA,MIRAFLORES,PRIVADO,II-E,II,3.0,6.0,8.0,15.0,0.0,0.0,10.0,0.0,0.0,0.0,2.0,0.0,0.0,6.0,5.0,0.0
226,14501,CLINICA SAN GABRIEL S.A.C.,2020,10,150136,LIMA,LIMA,SAN MIGUEL,PRIVADO,II-2,II,104.0,82.0,90.0,174.0,0.0,15.0,219.0,6.0,2.0,4.0,59.0,14.0,7.0,0.0,0.0,1.0
227,14509,CLINICA SAN MARTIN,2020,12,150132,LIMA,LIMA,SAN JUAN DE LURIGANCHO,PRIVADO,II-E,II,3.0,5.0,12.0,12.0,0.0,0.0,11.0,2.0,0.0,1.0,3.0,0.0,1.0,0.0,0.0,0.0
228,14718,HOSPITAL GERIATRICO PNP SAN JOSE,2020,12,150136,LIMA,LIMA,SAN MIGUEL,SANIDAD DE LA POLICIA NACIONAL DEL PERU,II-E,II,2.0,2.0,28.0,26.0,0.0,6.0,30.0,1.0,9.0,2.0,12.0,0.0,2.0,86.0,1.0,2.0
229,15077,LIGA CONTRA EL CÁNCER,2020,12,150121,LIMA,LIMA,PUEBLO LIBRE,PRIVADO,II-E,II,15.0,23.0,0.0,34.0,0.0,0.0,2.0,0.0,0.0,1.0,3.0,6.0,0.0,13.0,7.0,0.0
230,15078,NOVO Q,2020,12,150130,LIMA,LIMA,SAN BORJA,PRIVADO,II-E,II,1.0,2.0,2.0,2.0,1.0,0.0,2.0,0.0,0.0,1.0,0.0,0.0,1.0,1.0,0.0,0.0
231,15118,CLINICA MAISON DE SANTE DEL ESTE,2020,10,150140,LIMA,LIMA,SANTIAGO DE SURCO,PRIVADO,II-2,II,17.0,32.0,56.0,162.0,0.0,0.0,70.0,0.0,2.0,2.0,17.0,15.0,3.0,123.0,1.0,0.0
232,15143,CLINICA ASTOCONDOR,2020,12,150130,LIMA,LIMA,SAN BORJA,PRIVADO,II-E,II,1.0,3.0,5.0,6.0,0.0,0.0,1.0,0.0,0.0,0.0,0.0,0.0,0.0,4.0,0.0,1.0
233,15179,CLINICA KIRSCHBAUM,2020,12,150130,LIMA,LIMA,SAN BORJA,PRIVADO,II-E,II,2.0,2.0,10.0,12.0,0.0,2.0,5.0,0.0,0.0,0.0,0.0,0.0,0.0,3.0,0.0,0.0
234,15182,OPTIMA VISION S.R.L.,2020,6,150122,LIMA,LIMA,MIRAFLORES,PRIVADO,II-E,II,6.0,6.0,0.0,6.0,0.0,0.0,3.0,0.0,0.0,0.0,1.0,0.0,1.0,0.0,0.0,0.0
235,15349,MEDICAL PLASTIC,2020,12,150120,LIMA,LIMA,MAGDALENA DEL MAR,PRIVADO,II-E,II,1.0,1.0,4.0,2.0,0.0,0.0,1.0,0.0,0.0,0.0,0.0,0.0,0.0,3.0,0.0,0.0
236,15461,VISTASALUD CENTRO OFTALMOLOGICO,2020,12,150140,LIMA,LIMA,SANTIAGO DE SURCO,PRIVADO,II-E,II,3.0,6.0,0.0,1.0,0.0,0.0,0.0,0.0,0.0,0.0,0.0,0.0,0.0,0.0,0.0,0.0
237,15471,CENTRO DE ATENCION PRIMARIA-CAP III SAN ISIDRO-ESSALUD,2020,10,150131,LIMA,LIMA,SAN ISIDRO,ESSALUD,I-2,0,7.0,9.0,0.0,15.0,0.0,1.0,6.0,3.0,1.0,1.0,2.0,1.0,2.0,9.0,6.0,0.0
238,15610,Clínica Internacional - Sede Lima,2020,12,150101,LIMA,LIMA,LIMA,PRIVADO,II-2,II,63.0,63.0,86.0,366.0,0.0,2.0,196.0,14.0,6.0,4.0,26.0,12.0,10.0,57.0,0.0,0.0
239,15684,CLINICA GONZALEZ S.A.,2020,12,150116,LIMA,LIMA,LINCE,PRIVADO,II-E,II,41.0,41.0,23.0,90.0,0.0,0.0,19.0,5.0,3.0,1.0,3.0,5.0,1.0,23.0,3.0,1.0
240,15716,CLÍNICA VISTA,2020,12,150113,LIMA,LIMA,JESUS MARIA,PRIVADO,II-E,II,4.0,4.0,0.0,4.0,0.0,0.0,2.0,0.0,0.0,0.0,2.0,0.0,0.0,7.0,0.0,0.0
241,15718,CLINICA SAN MARCOS,2020,12,150105,LIMA,LIMA,BREÑA,PRIVADO,II-E,II,20.0,12.0,23.0,24.0,0.0,6.0,13.0,1.0,0.0,1.0,2.0,0.0,1.0,10.0,0.0,0.0
242,15927,CLINICA DE OJOS D´OPELUCE,2020,4,150116,LIMA,LIMA,LINCE,PRIVADO,II-E,II,12.0,24.0,0.0,0.0,0.0,0.0,1.0,0.0,0.0,0.0,0.0,0.0,1.0,41.0,0.0,0.0
243,15934,CENTRO DE CIRUGÍA ESTÉTICA LAS CONDES,2020,10,150130,LIMA,LIMA,SAN BORJA,PRIVADO,II-E,II,6.0,12.0,6.0,1.0,0.0,0.0,2.0,0.0,0.0,0.0,0.0,0.0,0.0,4.0,2.0,0.0
244,16005,CLINICA PARROQUIAL SAN FRANCISCO DE ASIS,2020,2,150108,LIMA,LIMA,CHORRILLOS,PRIVADO,II-1,II,13.0,22.0,12.0,31.0,0.0,0.0,6.0,2.0,0.0,1.0,2.0,7.0,6.0,2.0,0.0,0.0
245,16094,"HOSPITAL PNP ""AUGUSTO B. LEGUIA""",2020,10,150128,LIMA,LIMA,RIMAC,SANIDAD DE LA POLICIA NACIONAL DEL PERU,II-1,II,35.0,38.0,83.0,43.0,0.0,0.0,32.0,5.0,7.0,5.0,9.0,2.0,3.0,197.0,6.0,3.0
246,16113,CLINICA ZIEGLER CIRUGIA PLASTICA,2020,6,150131,LIMA,LIMA,SAN ISIDRO,PRIVADO,II-E,II,1.0,2.0,3.0,5.0,0.0,0.0,0.0,0.0,0.0,0.0,0.0,0.0,0.0,1.0,0.0,0.0
247,16115,DIAGNOCENTRO OLAZ,2020,11,70101,CALLAO,CALLAO,CALLAO,PRIVADO,0,0,0.0,0.0,0.0,1.0,0.0,0.0,0.0,0.0,0.0,0.0,0.0,1.0,0.0,1.0,0.0,0.0
248,16121,CENTRO MEDICO AVENDAÑO S.A.C.,2020,10,150122,LIMA,LIMA,MIRAFLORES,PRIVADO,II-E,II,5.0,15.0,5.0,1.0,0.0,0.0,10.0,0.0,1.0,1.0,0.0,0.0,0.0,4.0,0.0,0.0
249,16291,HOSPITAL MEGASALUD UNIVERSAL,2020,12,150101,LIMA,LIMA,LIMA,PRIVADO,II-1,II,6.0,0.0,0.0,9.0,0.0,0.0,2.0,0.0,0.0,0.0,1.0,0.0,0.0,4.0,2.0,0.0
250,16353,CLINICA MONTELUZ,2020,11,150125,LIMA,LIMA,PUENTE PIEDRA,PRIVADO,II-E,II,18.0,36.0,22.0,18.0,0.0,0.0,18.0,2.0,0.0,1.0,3.0,13.0,1.0,21.0,0.0,1.0
251,16357,CENTRO DE ATENCION PRIMARIA III INDEPENDENCIA - RAA - ESSALUD,2020,2,150112,LIMA,LIMA,INDEPENDENCIA,ESSALUD,I-3,I,22.0,39.0,0.0,14.0,0.0,0.0,11.0,3.0,1.0,1.0,5.0,2.0,1.0,18.0,0.0,0.0
252,16397,CLINICA ESPECIALIZADA EN CIRUGIA PLASTICA - DR. LUIS VIZCARRA / CIRUESTHETIC,2020,11,150131,LIMA,LIMA,SAN ISIDRO,PRIVADO,II-E,II,2.0,2.0,2.0,1.0,0.0,0.0,1.0,1.0,0.0,0.0,0.0,0.0,0.0,1.0,1.0,0.0
253,16488,CENTRO NACIONAL DE SALUD RENAL - ESSALUD,2020,12,150113,LIMA,LIMA,JESUS MARIA,ESSALUD,0,0,1.0,0.0,0.0,20.0,0.0,0.0,64.0,0.0,4.0,3.0,8.0,0.0,4.0,35.0,36.0,0.0
254,16794,CLINICA DIVINO NIÑO JESUS - ORDEN DE MALTA,2020,12,150133,LIMA,LIMA,SAN JUAN DE MIRAFLORES,PRIVADO,II-E,II,17.0,25.0,20.0,81.0,0.0,0.0,22.0,3.0,3.0,1.0,4.0,2.0,2.0,22.0,3.0,2.0
255,16918,INSTITUTO NACIONAL DE SALUD NIÑO SAN BORJA,2020,12,150130,LIMA,LIMA,SAN BORJA,MINSA,III-2,III,49.0,80.0,236.0,341.0,0.0,12.0,474.0,5.0,16.0,15.0,60.0,0.0,12.0,277.0,26.0,2.0
256,16948,MEDICENTRO COLMENA DE LA CLÍNICA INTERNACIONAL,2020,12,150101,LIMA,LIMA,LIMA,PRIVADO,I-3,I,10.0,11.0,0.0,16.0,0.0,0.0,4.0,4.0,2.0,3.0,0.0,0.0,0.0,7.0,2.0,0.0
257,16951,CLINICA MADRE ZORAIDA,2020,9,150118,LIMA,LIMA,LURIGANCHO,PRIVADO,II-E,II,8.0,16.0,8.0,33.0,0.0,0.0,1.0,2.0,1.0,1.0,2.0,1.0,1.0,6.0,4.0,0.0
258,17024,HOSPITAL  MILITAR LUIS ARIAS SCHEREIBER,2020,10,150113,LIMA,LIMA,JESUS MARIA,SANIDAD DEL EJERCITO DEL PERU,III-1,III,158.0,164.0,595.0,139.0,0.0,65.0,393.0,24.0,27.0,4.0,68.0,18.0,11.0,20.0,20.0,4.0
259,17099,OFTALMOLOGOS CONTRERAS  C.SCRL,2020,12,150131,LIMA,LIMA,SAN ISIDRO,PRIVADO,II-E,II,8.0,8.0,0.0,11.0,0.0,0.0,4.0,0.0,0.0,0.0,0.0,0.0,0.0,4.0,0.0,0.0
260,17173,CLINICA PORVENIR,2020,12,150113,LIMA,LIMA,JESUS MARIA,PRIVADO,II-E,II,4.0,4.0,10.0,5.0,0.0,3.0,5.0,0.0,0.0,0.0,2.0,0.0,1.0,11.0,0.0,0.0
261,17385,CLINICA SAN BARTOLOME,2020,9,150117,LIMA,LIMA,LOS OLIVOS,PRIVADO,II-E,II,6.0,7.0,7.0,7.0,0.0,0.0,2.0,2.0,0.0,1.0,0.0,4.0,1.0,4.0,3.0,0.0
262,17391,POLICLINICO COIP,2020,9,150101,LIMA,LIMA,LIMA,SANIDAD DE LA POLICIA NACIONAL DEL PERU,I-3,I,7.0,7.0,0.0,1.0,0.0,0.0,1.0,2.0,2.0,0.0,1.0,1.0,0.0,7.0,1.0,0.0
263,17392,GONZALES PINEDO RODOLFO,2020,12,150101,LIMA,LIMA,LIMA,PRIVADO,II-E,II,1.0,1.0,15.0,7.0,0.0,0.0,3.0,0.0,0.0,0.0,0.0,2.0,0.0,10.0,0.0,0.0
264,17519,POLICLÍNICO PNP SAN BORJA,2020,11,150130,LIMA,LIMA,SAN BORJA,SANIDAD DE LA POLICIA NACIONAL DEL PERU,I-3,I,2.0,2.0,0.0,2.0,0.0,0.0,2.0,1.0,1.0,0.0,2.0,0.0,1.0,8.0,0.0,0.0
265,17540,MEPSO,2020,12,150136,LIMA,LIMA,SAN MIGUEL,PRIVADO,I-3,I,4.0,4.0,0.0,3.0,0.0,0.0,1.0,1.0,4.0,0.0,0.0,0.0,0.0,7.0,1.0,0.0
266,17634,ONCOSALUD,2020,12,150130,LIMA,LIMA,SAN BORJA,PRIVADO,II-1,II,3.0,3.0,84.0,232.0,0.0,31.0,129.0,0.0,1.0,5.0,13.0,0.0,14.0,133.0,0.0,0.0
267,17676,OFTALMOSALUD,2020,12,150133,LIMA,LIMA,SAN JUAN DE MIRAFLORES,PRIVADO,II-E,II,10.0,12.0,0.0,10.0,0.0,3.0,1.0,0.0,0.0,0.0,0.0,0.0,1.0,3.0,4.0,1.0
268,17695,CAP III ALFREDO PIAZZA ROBERTS,2020,11,150116,LIMA,LIMA,LINCE,ESSALUD,I-3,I,4.0,6.0,0.0,15.0,0.0,0.0,11.0,3.0,1.0,1.0,6.0,1.0,1.0,21.0,2.0,0.0
269,17703,OPRECE,2020,12,150120,LIMA,LIMA,MAGDALENA DEL MAR,PRIVADO,II-E,II,5.0,2.0,0.0,17.0,0.0,0.0,2.0,0.0,0.0,0.0,0.0,0.0,0.0,5.0,15.0,0.0
270,17726,SANNA CENTRO CLINICO LA MOLINA,2020,1,150114,LIMA,LIMA,LA MOLINA,PRIVADO,I-3,I,13.0,21.0,0.0,68.0,0.0,0.0,4.0,3.0,4.0,3.0,4.0,0.0,1.0,20.0,0.0,0.0
271,17772,CLÍNICA INTERNACIONAL  SEDE SAN BORJA AMBULATORIO,2020,3,150130,LIMA,LIMA,SAN BORJA,PRIVADO,II-E,II,98.0,98.0,0.0,441.0,0.0,0.0,41.0,18.0,5.0,5.0,27.0,0.0,3.0,36.0,0.0,0.0
272,17823,OFTALMOLOGICA SANTO TORIBIO,2020,12,150140,LIMA,LIMA,SANTIAGO DE SURCO,PRIVADO,II-E,II,6.0,6.0,0.0,6.0,0.0,0.0,1.0,0.0,0.0,0.0,0.0,0.0,0.0,1.0,0.0,0.0
273,17824,CLINICA MARIA HUARHUA E.I.R.L,2020,6,150143,LIMA,LIMA,VILLA MARIA DEL TRIUNFO,PRIVADO,II-1,II,5.0,10.0,2.0,5.0,0.0,0.0,5.0,4.0,1.0,0.0,5.0,5.0,1.0,5.0,0.0,1.0
274,17847,CLINICA DEL NORTE,2020,9,150117,LIMA,LIMA,LOS OLIVOS,PRIVADO,II-E,II,6.0,9.0,5.0,11.0,0.0,0.0,3.0,1.0,1.0,1.0,2.0,3.0,1.0,5.0,0.0,0.0
275,17862,SMA SERVICIOS MEDICOS AMBULATORIOS SA,2020,11,70102,CALLAO,CALLAO,BELLAVISTA,PRIVADO,I-3,I,31.0,31.0,0.0,57.0,0.0,0.0,2.0,16.0,3.0,2.0,5.0,0.0,2.0,17.0,1.0,0.0
276,17883,HOSPITAL DE REHABILITACION DEL CALLAO,2020,12,70102,CALLAO,CALLAO,BELLAVISTA,GOBIERNO REGIONAL,II-E,II,8.0,8.0,0.0,8.0,0.0,0.0,1.0,0.0,1.0,0.0,31.0,0.0,1.0,24.0,1.0,0.0
277,17909,POLICLINICO RISSO,2020,12,150116,LIMA,LIMA,LINCE,PRIVADO,I-3,I,37.0,74.0,0.0,106.0,0.0,0.0,3.0,6.0,3.0,0.0,3.0,0.0,0.0,0.0,3.0,0.0
278,17978,MEDICENTRO SANTA ANITA DE LA CLINICA INTERNACIONAL,2020,10,150137,LIMA,LIMA,SANTA ANITA,PRIVADO,I-3,I,29.0,29.0,0.0,56.0,0.0,0.0,2.0,21.0,2.0,2.0,6.0,0.0,2.0,19.0,2.0,0.0
279,18011,INCOR,2020,12,150113,LIMA,LIMA,JESUS MARIA,ESSALUD,III-E,III,7.0,12.0,98.0,166.0,0.0,42.0,262.0,2.0,4.0,7.0,28.0,0.0,10.0,167.0,3.0,0.0
280,18171,POLICLINICO MILITAR CHORRILLOS,2020,10,150108,LIMA,LIMA,CHORRILLOS,SANIDAD DEL EJERCITO DEL PERU,I-4,I,33.0,39.0,6.0,16.0,4.0,0.0,21.0,12.0,4.0,1.0,7.0,5.0,1.0,25.0,1.0,1.0
281,18306,CENTRO DE ATENCIÓN PRIMARIA ALBERTO LEONARDO BARTON THOMPSON,2020,9,70101,CALLAO,CALLAO,CALLAO,PRIVADO,I-2,0,37.0,74.0,0.0,67.0,0.0,0.0,18.0,16.0,0.0,1.0,7.0,34.0,1.0,48.0,1.0,0.0
282,18307,CLINICA MARIA SRL,2020,12,150117,LIMA,LIMA,LOS OLIVOS,PRIVADO,II-E,II,2.0,5.0,8.0,6.0,0.0,0.0,4.0,0.0,0.0,1.0,2.0,1.0,0.0,6.0,0.0,0.0
283,18319,ALBERTO LEONARDO BARTON THOMPSON,2020,9,70101,CALLAO,CALLAO,CALLAO,PRIVADO,II-2,II,53.0,106.0,201.0,343.0,0.0,0.0,359.0,3.0,6.0,4.0,60.0,0.0,6.0,394.0,3.0,1.0
284,18580,GUILLERMO KAELIN DE LA FUENTE,2020,9,150143,LIMA,LIMA,VILLA MARIA DEL TRIUNFO,PRIVADO,II-2,II,49.0,98.0,198.0,337.0,0.0,0.0,332.0,5.0,1.0,7.0,45.0,0.0,12.0,379.0,3.0,1.0
285,18581,CLINICA PETRAS,2020,9,150131,LIMA,LIMA,SAN ISIDRO,PRIVADO,II-E,II,2.0,2.0,6.0,1.0,0.0,0.0,1.0,0.0,0.0,0.0,0.0,0.0,0.0,1.0,3.0,1.0
286,18584,CLINICA MARIA DEL SOCORRO,2020,12,150103,LIMA,LIMA,ATE,PRIVADO,II-1,II,19.0,25.0,18.0,34.0,0.0,0.0,9.0,0.0,2.0,3.0,8.0,14.0,2.0,18.0,0.0,1.0
287,18626,OFTALMICA S.A,2020,12,150130,LIMA,LIMA,SAN BORJA,PRIVADO,II-E,II,9.0,11.0,0.0,18.0,0.0,0.0,5.0,0.0,0.0,0.0,0.0,0.0,1.0,13.0,0.0,0.0
288,18660,POLICLINICO ESCUELA DE OFICIALES PNP,2020,11,150108,LIMA,LIMA,CHORRILLOS,SANIDAD DE LA POLICIA NACIONAL DEL PERU,I-3,I,6.0,2.0,0.0,3.0,0.0,0.0,2.0,0.0,1.0,0.0,0.0,0.0,0.0,10.0,0.0,1.0
289,18667,CLINICA ARROYO,2020,12,150131,LIMA,LIMA,SAN ISIDRO,PRIVADO,II-E,II,1.0,1.0,0.0,3.0,0.0,0.0,1.0,0.0,0.0,0.0,0.0,0.0,0.0,3.0,0.0,0.0
290,18670,CLINICA G'STAR,2020,12,70102,CALLAO,CALLAO,BELLAVISTA,PRIVADO,II-E,II,2.0,4.0,10.0,6.0,0.0,0.0,5.0,0.0,0.0,1.0,2.0,5.0,1.0,9.0,3.0,0.0
291,18825,GUILLERMO KAELIN DE LA FUENTE,2020,10,150143,LIMA,LIMA,VILLA MARIA DEL TRIUNFO,PRIVADO,I-2,0,41.0,82.0,0.0,62.0,0.0,0.0,18.0,14.0,6.0,0.0,4.0,36.0,1.0,45.0,1.0,0.0
292,18921,ARIE,2020,10,150101,LIMA,LIMA,LIMA,PRIVADO,I-2,0,1.0,1.0,0.0,4.0,0.0,0.0,0.0,0.0,5.0,0.0,12.0,0.0,0.0,0.0,4.0,0.0
293,18985,CLINICA SANTA MARTHA DEL SUR,2020,12,150133,LIMA,LIMA,SAN JUAN DE MIRAFLORES,PRIVADO,II-2,II,49.0,46.0,60.0,236.0,0.0,0.0,91.0,3.0,1.0,5.0,18.0,7.0,4.0,1.0,1.0,0.0
294,19049,AUNA CLÍNICA DELGADO,2020,12,150122,LIMA,LIMA,MIRAFLORES,PRIVADO,III-1,III,80.0,160.0,120.0,448.0,0.0,0.0,261.0,14.0,4.0,14.0,60.0,12.0,8.0,361.0,291.0,0.0
295,19390,POSTA MEDICA ETS. PNP. SAN BARTOLO,2020,11,150129,LIMA,LIMA,SAN BARTOLO,SANIDAD DE LA POLICIA NACIONAL DEL PERU,I-2,0,6.0,6.0,0.0,2.0,2.0,0.0,3.0,1.0,2.0,1.0,1.0,1.0,0.0,8.0,0.0,1.0
296,19671,CLINICA RENACER,2020,12,150122,LIMA,LIMA,MIRAFLORES,PRIVADO,II-E,II,1.0,3.0,1.0,6.0,0.0,0.0,3.0,0.0,0.0,0.0,1.0,0.0,0.0,4.0,3.0,0.0
297,19748,CLINICA HIGUERETA,2020,12,150122,LIMA,LIMA,MIRAFLORES,PRIVADO,II-E,II,6.0,2.0,8.0,25.0,0.0,0.0,9.0,0.0,0.0,1.0,1.0,0.0,1.0,18.0,0.0,0.0
298,19839,CLINICA SANTA LEONOR,2020,11,150108,LIMA,LIMA,CHORRILLOS,PRIVADO,II-E,II,3.0,1.0,5.0,3.0,0.0,0.0,0.0,0.0,0.0,0.0,0.0,5.0,1.0,5.0,0.0,0.0
299,20230,CLINICA DE OJOS GLOBAL LASER,2020,11,150121,LIMA,LIMA,PUEBLO LIBRE,PRIVADO,II-E,II,3.0,6.0,0.0,12.0,10.0,10.0,0.0,0.0,0.0,0.0,0.0,0.0,0.0,7.0,1.0,0.0
300,20346,CLINICA SANTA BEATRIZ,2020,12,150113,LIMA,LIMA,JESUS MARIA,PRIVADO,II-E,II,8.0,0.0,23.0,0.0,0.0,0.0,0.0,0.0,0.0,0.0,2.0,0.0,2.0,13.0,0.0,1.0
301,20382,POLICLINICO PNP CHORRILLOS,2020,11,150108,LIMA,LIMA,CHORRILLOS,SANIDAD DE LA POLICIA NACIONAL DEL PERU,I-3,I,2.0,3.0,0.0,4.0,0.0,0.0,2.0,2.0,2.0,0.0,0.0,1.0,1.0,24.0,1.0,0.0
302,20823,CENTRO DE SALUD MENTAL COMUNITARIO SARITA COLONIA,2020,2,70101,CALLAO,CALLAO,CALLAO,GOBIERNO REGIONAL,I-2,0,8.0,0.0,0.0,2.0,0.0,0.0,4.0,0.0,6.0,0.0,2.0,0.0,1.0,0.0,1.0,0.0
303,20976,VISUAL CENTER CLINICA DE OJOS,2020,12,150136,LIMA,LIMA,SAN MIGUEL,PRIVADO,II-E,II,4.0,4.0,2.0,9.0,0.0,0.0,1.0,0.0,0.0,0.0,1.0,0.0,1.0,5.0,1.0,0.0
304,21094,LIMATAMBO SEDE MINKA II,2020,12,70101,CALLAO,CALLAO,CALLAO,PRIVADO,I-3,I,7.0,7.0,0.0,15.0,0.0,0.0,2.0,7.0,1.0,3.0,1.0,0.0,0.0,3.0,0.0,0.0
305,21096,CLINICA ESPECIALIZADA EN CIRUGÍA PLÁSTICA SAN AGUSTIN,2020,12,150121,LIMA,LIMA,PUEBLO LIBRE,PRIVADO,II-E,II,1.0,1.0,0.0,1.0,0.0,0.0,1.0,0.0,0.0,0.0,0.0,0.0,0.0,3.0,0.0,0.0
306,21289,CLINICA DR AUGUSTO CACERES CABELLO-PIEL Y MEDICINA ESTETICA,2020,12,150120,LIMA,LIMA,MAGDALENA DEL MAR,PRIVADO,I-2,0,4.0,6.0,0.0,6.0,0.0,0.0,1.0,0.0,0.0,0.0,0.0,0.0,0.0,0.0,0.0,0.0
307,22016,CLINICA LA LUZ OFTALMOLOGIA,2020,12,150105,LIMA,LIMA,BREÑA,PRIVADO,0,0,4.0,6.0,0.0,7.0,0.0,0.0,1.0,0.0,0.0,0.0,0.0,0.0,1.0,0.0,4.0,0.0
308,22113,CLINICA SANTA JULIA  S.A.C.,2020,10,150114,LIMA,LIMA,LA MOLINA,PRIVADO,II-E,II,1.0,2.0,3.0,2.0,0.0,1.0,2.0,0.0,0.0,0.0,0.0,0.0,0.0,2.0,0.0,0.0
309,23022,CLINICA AVANSALUD,2020,12,150120,LIMA,LIMA,MAGDALENA DEL MAR,PRIVADO,II-E,II,2.0,4.0,4.0,16.0,0.0,0.0,4.0,0.0,0.0,1.0,2.0,0.0,1.0,10.0,3.0,0.0
310,23151,CLINICA CORI,2020,12,150117,LIMA,LIMA,LOS OLIVOS,PRIVADO,II-E,II,20.0,3.0,14.0,3.0,1.0,0.0,2.0,0.0,0.0,0.0,1.0,1.0,1.0,5.0,2.0,1.0
311,23159,HOSPITAL DE EMERGENCIAS VILLA EL SALVADOR,2020,12,150142,LIMA,LIMA,VILLA EL SALVADOR,MINSA,II-2,II,37.0,0.0,387.0,327.0,0.0,0.0,371.0,2.0,5.0,14.0,48.0,44.0,25.0,467.0,1.0,2.0
312,23288,Centro Clínico Gamarra,2020,12,150115,LIMA,LIMA,LA VICTORIA,PRIVADO,I-3,I,11.0,18.0,0.0,22.0,0.0,0.0,9.0,2.0,1.0,2.0,8.0,6.0,1.0,16.0,1.0,0.0
313,23509,MEDICINA EMPRESARIAL DE PREVENCIÓN EN SALUD OCUPACIONAL SAC,2020,12,150141,LIMA,LIMA,SURQUILLO,PRIVADO,I-3,I,4.0,4.0,0.0,4.0,0.0,0.0,1.0,1.0,4.0,0.0,0.0,0.0,0.0,10.0,0.0,0.0
314,23578,NUTRIMEDIC,2020,12,70102,CALLAO,CALLAO,BELLAVISTA,PRIVADO,I-2,0,0.0,0.0,0.0,1.0,0.0,0.0,0.0,0.0,0.0,0.0,0.0,0.0,2.0,0.0,0.0,0.0
315,23741,OFTALMO VISSUM SOCIEDAD ANONIMA CERRADA,2020,12,150140,LIMA,LIMA,SANTIAGO DE SURCO,PRIVADO,II-E,II,1.0,2.0,0.0,4.0,0.0,0.0,1.0,0.0,0.0,0.0,0.0,0.0,1.0,0.0,0.0,0.0
316,23833,INSTITUTO OFTALMOLOGICO LA LUZ SOCIEDAD ANONIMA CERRADA - INSTITUTO OFTALMOLOGICO LA LUZ S.A.C.,2020,12,150101,LIMA,LIMA,LIMA,PRIVADO,II-E,II,10.0,0.0,0.0,12.0,0.0,0.0,1.0,0.0,0.0,0.0,0.0,0.0,1.0,4.0,2.0,0.0
317,23852,OFTALMOSALUD,2020,12,150117,LIMA,LIMA,LOS OLIVOS,PRIVADO,II-E,II,9.0,11.0,0.0,6.0,0.0,0.0,1.0,0.0,0.0,0.0,0.0,0.0,1.0,11.0,1.0,1.0
318,23901,INSTITUTO DE GAMMA KNIFE DEL PACIFICO SAC,2020,9,150122,LIMA,LIMA,MIRAFLORES,PRIVADO,0,0,1.0,1.0,2.0,4.0,0.0,0.0,1.0,0.0,0.0,0.0,1.0,0.0,0.0,0.0,2.0,0.0
319,23918,CIRUGIA LAPAROSCOPICA E.I.R.LTDA,2020,12,150116,LIMA,LIMA,LINCE,PRIVADO,II-E,II,2.0,4.0,12.0,5.0,0.0,0.0,5.0,0.0,0.0,1.0,1.0,4.0,1.0,9.0,3.0,0.0
320,24049,CONSULTORIO SORMEDIC,2020,7,150120,LIMA,LIMA,MAGDALENA DEL MAR,PRIVADO,I-2,0,3.0,2.0,0.0,4.0,0.0,0.0,0.0,0.0,0.0,0.0,1.0,0.0,0.0,1.0,1.0,0.0
321,24132,SANNA CENTRO CLÍNICO CHACARILLA,2020,1,150140,LIMA,LIMA,SANTIAGO DE SURCO,PRIVADO,I-3,I,24.0,47.0,0.0,92.0,0.0,0.0,2.0,1.0,6.0,4.0,2.0,0.0,1.0,8.0,0.0,0.0
322,24178,CLINIC NOVASALUD,2020,12,150142,LIMA,LIMA,VILLA EL SALVADOR,PRIVADO,II-E,II,5.0,10.0,6.0,14.0,0.0,0.0,2.0,0.0,1.0,0.0,1.0,1.0,0.0,5.0,0.0,0.0
323,24299,CENTRO AMBULATORIO  CLINICA INTERNACIONAL - SEDE SURCO,2020,9,150140,LIMA,LIMA,SANTIAGO DE SURCO,PRIVADO,I-3,I,78.0,0.0,0.0,90.0,0.0,0.0,41.0,12.0,1.0,2.0,27.0,14.0,2.0,30.0,0.0,0.0
324,24304,CLINICA RINOFACIAL E.I.R.L,2020,12,150140,LIMA,LIMA,SANTIAGO DE SURCO,PRIVADO,II-E,II,4.0,8.0,2.0,4.0,0.0,0.0,2.0,0.0,0.0,0.0,0.0,0.0,0.0,2.0,0.0,0.0
325,24327,POLICLINICO GINEMED,2020,2,70103,CALLAO,CALLAO,CARMEN DE LA LEGUA-REYNOSO,PRIVADO,I-3,I,3.0,3.0,0.0,5.0,0.0,0.0,0.0,0.0,0.0,0.0,0.0,0.0,0.0,0.0,2.0,0.0
326,24727,CLÍNICA SANTO TORIBIO,2020,1,150101,LIMA,LIMA,LIMA,PRIVADO,II-E,II,34.0,34.0,5.0,2.0,0.0,0.0,1.0,0.0,0.0,0.0,1.0,0.0,0.0,1.0,1.0,0.0
327,24750,ARIE,2020,12,150132,LIMA,LIMA,SAN JUAN DE LURIGANCHO,PRIVADO,I-2,0,2.0,2.0,0.0,5.0,0.0,0.0,0.0,0.0,5.0,0.0,18.0,0.0,0.0,0.0,5.0,0.0
328,24872,LINE CONTROL CENTER,2020,9,150130,LIMA,LIMA,SAN BORJA,PRIVADO,I-2,0,2.0,2.0,0.0,2.0,0.0,0.0,0.0,0.0,0.0,0.0,0.0,0.0,0.0,1.0,0.0,0.0
329,24924,CLÍNICA CORPORACIÓN DE CIRUJANOS PLÁSTICOS,2020,12,150122,LIMA,LIMA,MIRAFLORES,PRIVADO,II-E,II,3.0,3.0,3.0,4.0,0.0,0.0,4.0,0.0,0.0,0.0,0.0,0.0,0.0,2.0,0.0,0.0
330,25076,CONSULTORIOS EXTERNOS ANGLO AMERICANA,2020,12,150131,LIMA,LIMA,SAN ISIDRO,PRIVADO,I-2,0,33.0,66.0,0.0,63.0,0.0,0.0,2.0,0.0,0.0,0.0,25.0,0.0,1.0,3.0,0.0,0.0
331,25474,P.S. JOSE OLAYA,2020,2,70101,CALLAO,CALLAO,CALLAO,GOBIERNO REGIONAL,I-2,0,8.0,9.0,0.0,5.0,0.0,0.0,3.0,2.0,1.0,1.0,0.0,3.0,0.0,8.0,1.0,0.0
332,25575,CENTRO CLÍNICO SAN NICOLAS,2020,12,150110,LIMA,LIMA,COMAS,PRIVADO,I-3,I,12.0,17.0,0.0,15.0,0.0,0.0,8.0,4.0,1.0,1.0,5.0,8.0,1.0,17.0,1.0,0.0
333,25598,CLINICA MATER PURISSIMA,2020,11,150110,LIMA,LIMA,COMAS,PRIVADO,II-E,II,5.0,10.0,8.0,8.0,0.0,0.0,1.0,2.0,0.0,1.0,1.0,6.0,1.0,6.0,1.0,0.0
334,25930,CLINICA SANENS,2020,12,150141,LIMA,LIMA,SURQUILLO,PRIVADO,II-E,II,1.0,2.0,9.0,10.0,0.0,0.0,12.0,0.0,0.0,1.0,2.0,0.0,1.0,16.0,3.0,0.0
335,26009,CAP III CARABAYLLO,2020,12,150106,LIMA,LIMA,CARABAYLLO,ESSALUD,I-3,I,6.0,15.0,0.0,15.0,0.0,0.0,16.0,5.0,2.0,3.0,5.0,4.0,3.0,0.0,5.0,0.0
336,26642,SANNA CENTRO CLINICO MIRAFLORES,2020,1,150122,LIMA,LIMA,MIRAFLORES,PRIVADO,I-3,I,26.0,46.0,0.0,63.0,0.0,0.0,4.0,2.0,4.0,3.0,2.0,0.0,1.0,10.0,1.0,0.0
337,26777,EXPERTTA,2020,4,150122,LIMA,LIMA,MIRAFLORES,PRIVADO,0,0,0.0,0.0,0.0,16.0,0.0,0.0,4.0,0.0,1.0,2.0,4.0,2.0,2.0,3.0,0.0,0.0
338,26793,CLINICA BELLAFORMA,2020,9,150113,LIMA,LIMA,JESUS MARIA,PRIVADO,II-E,II,1.0,1.0,2.0,4.0,0.0,0.0,1.0,0.0,0.0,0.0,0.0,0.0,0.0,2.0,0.0,0.0
339,26936,CLINICA AVIVA SEDE MENDIOLA,2020,11,150117,LIMA,LIMA,LOS OLIVOS,PRIVADO,II-E,II,18.0,17.0,20.0,108.0,0.0,0.0,41.0,4.0,0.0,1.0,4.0,5.0,3.0,32.0,7.0,0.0
340,27216,MEPSO,2020,12,150119,LIMA,LIMA,LURIN,PRIVADO,I-3,I,2.0,2.0,0.0,2.0,0.0,0.0,0.0,1.0,1.0,0.0,0.0,0.0,0.0,5.0,0.0,0.0
341,27320,CLINICA AUNA GUARDIA CIVIL,2020,12,150131,LIMA,LIMA,SAN ISIDRO,PRIVADO,II-E,II,5.0,5.0,28.0,121.0,0.0,0.0,50.0,0.0,0.0,2.0,10.0,0.0,3.0,40.0,13.0,0.0
